code,name,commit,available_at,price_session,reaction,rs20,acceleration,volume_ratio,bias20,ret5,company_evidence_at_time,international_at_time,hypothetical_action,price_reason,price_history_available,price,status,outcome_basis,outcome_1d,outcome_3d,outcome_5d,outcome_10d,closed_session_at_publication,archived_global_driver_states
6538,倉和,cf8ffc134a2dc9ed980f90bf2516930bc8e913f9,2026-09-05T22:43:12Z,2026-09-04,UNRECORDED,1.016389578345266,0.2327586206896551,3.272746156306548,0.4758332308449144,0.5,NOT_ARCHIVED: availability cannot be established,NOT_ESTABLISHED,PASS,Extended price: wait for a new base; do not chase,False,300.0,INSUFFICIENT_POINT_IN_TIME_EVIDENCE,"NEXT_SESSION_OPEN_TO_NTH_SESSION_CLOSE; unadjusted indicative, not strategy P&L",0.0321489001692048,0.18104906937394238,0.24534686971235198,,True,
2305,全友,cf8ffc134a2dc9ed980f90bf2516930bc8e913f9,2026-09-05T22:43:12Z,2026-09-04,UNRECORDED,0.1115750188951971,0.0227553771545767,2.2157060011572502,0.0741643665333697,0.0637931166024043,NOT_ARCHIVED: availability cannot be established,NOT_ESTABLISHED,WAIT,Need sealed OHLCV,False,30.850000381469727,INSUFFICIENT_POINT_IN_TIME_EVIDENCE,"NEXT_SESSION_OPEN_TO_NTH_SESSION_CLOSE; unadjusted indicative, not strategy P&L",0.07395501981305985,0.1254019154552788,0.3199356505962878,,True,
3624,光頡,46639a8a7c522921040d96f7adce0ce5ab54ab4c,2026-09-08T00:08:58Z,2026-09-07,CONFIRMING,0.1934132742828287,0.0526871780622225,2.641255779704029,0.0873590457269941,0.0973952228413868,NOT_ARCHIVED: availability cannot be established,NOT_ESTABLISHED,WAIT,Need sealed OHLCV,False,96.9000015258789,INSUFFICIENT_POINT_IN_TIME_EVIDENCE,"NEXT_SESSION_OPEN_TO_NTH_SESSION_CLOSE; unadjusted indicative, not strategy P&L",-0.031093265486363264,0.1384152805839094,,,True,MIXED_OR_MISSING
3055,蔚華科,46639a8a7c522921040d96f7adce0ce5ab54ab4c,2026-09-08T00:08:58Z,2026-09-07,CONFIRMING,0.2276172978188624,0.0699270660061783,1.2017034757796874,0.1136410681018422,0.1161825726141079,NOT_ARCHIVED: availability cannot be established,NOT_ESTABLISHED,WAIT,Need sealed OHLCV,False,134.5,INSUFFICIENT_POINT_IN_TIME_EVIDENCE,"NEXT_SESSION_OPEN_TO_NTH_SESSION_CLOSE; unadjusted indicative, not strategy P&L",0.07749077490774914,0.18081180811808117,,,True,MIXED_OR_MISSING
2305,全友,46639a8a7c522921040d96f7adce0ce5ab54ab4c,2026-09-08T00:08:58Z,2026-09-07,CONFIRMING,0.1115750188951971,0.0740454674314617,2.0880094472324022,0.1542117196009715,0.1114809442220157,NOT_ARCHIVED: availability cannot be established,NOT_ESTABLISHED,WAIT,Need sealed OHLCV,False,33.400001525878906,INSUFFICIENT_POINT_IN_TIME_EVIDENCE,"NEXT_SESSION_OPEN_TO_NTH_SESSION_CLOSE; unadjusted indicative, not strategy P&L",-0.02209131025468447,0.13402059307380543,,,True,MIXED_OR_MISSING
6538,倉和,46639a8a7c522921040d96f7adce0ce5ab54ab4c,2026-09-08T00:08:58Z,2026-09-07,EXTENDED,1.016389578345266,0.2101299320239796,1.867930977346808,0.4437869822485207,0.4841849148418491,NOT_ARCHIVED: availability cannot be established,NOT_ESTABLISHED,PASS,Extended price: wait for a new base; do not chase,False,305.0,INSUFFICIENT_POINT_IN_TIME_EVIDENCE,"NEXT_SESSION_OPEN_TO_NTH_SESSION_CLOSE; unadjusted indicative, not strategy P&L",0.0456026058631922,0.10260586319218246,,,True,MIXED_OR_MISSING
3055,蔚華科,0108dad0df9c9df48482b1e2657ba6445fbe5b1c,2026-09-09T00:25:27Z,2026-09-08,CONFIRMING,0.1316595984282895,0.0346901227182916,2.5959277109696943,0.1894093686354379,0.1274131274131273,NOT_ARCHIVED: availability cannot be established,NOT_ESTABLISHED,WAIT,Need sealed OHLCV,False,146.0,INSUFFICIENT_POINT_IN_TIME_EVIDENCE,"NEXT_SESSION_OPEN_TO_NTH_SESSION_CLOSE; unadjusted indicative, not strategy P&L",-0.03548387096774197,-0.003225806451612856,,,True,MIXED_OR_MISSING
3624,光頡,0108dad0df9c9df48482b1e2657ba6445fbe5b1c,2026-09-09T00:25:27Z,2026-09-08,CONFIRMING,0.1254697511132285,0.0375027462234388,2.36425202449861,0.0771031747515387,0.0709534561242979,NOT_ARCHIVED: availability cannot be established,NOT_ESTABLISHED,WAIT,Need sealed OHLCV,False,96.5999984741211,INSUFFICIENT_POINT_IN_TIME_EVIDENCE,"NEXT_SESSION_OPEN_TO_NTH_SESSION_CLOSE; unadjusted indicative, not strategy P&L",0.014705882352941124,0.22058823529411775,,,True,MIXED_OR_MISSING
6179,亞通,0108dad0df9c9df48482b1e2657ba6445fbe5b1c,2026-09-09T00:25:27Z,2026-09-08,PERSISTENT,0.045213766112556,0.0396162450822048,3.489689988477485,0.1622007284563948,0.0960264118516325,NOT_ARCHIVED: availability cannot be established,NOT_ESTABLISHED,WAIT,Need sealed OHLCV,False,33.099998474121094,INSUFFICIENT_POINT_IN_TIME_EVIDENCE,"NEXT_SESSION_OPEN_TO_NTH_SESSION_CLOSE; unadjusted indicative, not strategy P&L",0.10136164496607547,0.08169442738955146,,,True,MIXED_OR_MISSING
2305,全友,0108dad0df9c9df48482b1e2657ba6445fbe5b1c,2026-09-09T00:25:27Z,2026-09-08,CONFIRMING,0.096379479158787,0.0689323504083802,3.1842549703921783,0.1356251352119186,0.1235195133711275,NOT_ARCHIVED: availability cannot be established,NOT_ESTABLISHED,WAIT,Need sealed OHLCV,False,33.20000076293945,INSUFFICIENT_POINT_IN_TIME_EVIDENCE,"NEXT_SESSION_OPEN_TO_NTH_SESSION_CLOSE; unadjusted indicative, not strategy P&L",0.03857564414452952,0.218100839994388,,,True,MIXED_OR_MISSING
8227,巨有科技,0108dad0df9c9df48482b1e2657ba6445fbe5b1c,2026-09-09T00:25:27Z,2026-09-08,CONFIRMING,0.0855264608854602,0.0627508490274776,2.036092210799675,0.1365430149960536,0.0975609756097561,NOT_ARCHIVED: availability cannot be established,NOT_ESTABLISHED,WAIT,Need sealed OHLCV,False,180.0,INSUFFICIENT_POINT_IN_TIME_EVIDENCE,"NEXT_SESSION_OPEN_TO_NTH_SESSION_CLOSE; unadjusted indicative, not strategy P&L",0.08196721311475419,0.30601092896174853,,,True,MIXED_OR_MISSING
6538,倉和,0108dad0df9c9df48482b1e2657ba6445fbe5b1c,2026-09-09T00:25:27Z,2026-09-08,EXTENDED,1.0428575032680492,0.1244356149539462,0.3210347169157531,0.4594225960445557,0.420353982300885,NOT_ARCHIVED: availability cannot be established,NOT_ESTABLISHED,PASS,Extended price: wait for a new base; do not chase,False,321.0,INSUFFICIENT_POINT_IN_TIME_EVIDENCE,"NEXT_SESSION_OPEN_TO_NTH_SESSION_CLOSE; unadjusted indicative, not strategy P&L",0.09062499999999996,0.1499999999999999,,,True,MIXED_OR_MISSING
3624,光頡,92c542496b747fd976d496ec712e6cc0e74e8660,2026-09-09T22:31:59Z,2026-09-09,CONFIRMING,0.0898083609028947,0.1137884003377281,2.6795432332940528,0.1432042827452511,0.1629213483146068,NOT_ARCHIVED: availability cannot be established,NOT_ESTABLISHED,WAIT,Need sealed OHLCV,False,103.5,INSUFFICIENT_POINT_IN_TIME_EVIDENCE,"NEXT_SESSION_OPEN_TO_NTH_SESSION_CLOSE; unadjusted indicative, not strategy P&L",0.12935323383084585,,,,True,MIXED_OR_MISSING
2305,全友,92c542496b747fd976d496ec712e6cc0e74e8660,2026-09-09T22:31:59Z,2026-09-09,CONFIRMING,0.1743541731504476,0.0999772770651746,1.7073801071962482,0.1826322021475559,0.164725487141931,NOT_ARCHIVED: availability cannot be established,NOT_ESTABLISHED,WAIT,Need sealed OHLCV,False,35.0,INSUFFICIENT_POINT_IN_TIME_EVIDENCE,"NEXT_SESSION_OPEN_TO_NTH_SESSION_CLOSE; unadjusted indicative, not strategy P&L",0.06944444444444442,,,,True,MIXED_OR_MISSING
6179,亞通,92c542496b747fd976d496ec712e6cc0e74e8660,2026-09-09T22:31:59Z,2026-09-09,EXTENDED,0.1816461883771691,0.1347227915681667,5.464046351559584,0.2570146355900213,0.223529463054753,NOT_ARCHIVED: availability cannot be established,NOT_ESTABLISHED,WAIT,Extended price: wait for a new base; do not chase,False,36.400001525878906,INSUFFICIENT_POINT_IN_TIME_EVIDENCE,"NEXT_SESSION_OPEN_TO_NTH_SESSION_CLOSE; unadjusted indicative, not strategy P&L",-0.011642968828822764,,,,True,MIXED_OR_MISSING
8227,巨有科技,92c542496b747fd976d496ec712e6cc0e74e8660,2026-09-09T22:31:59Z,2026-09-09,EXTENDED,0.0952460276285724,0.1723241050961029,7.067679920649712,0.2349914236706689,0.233644859813084,NOT_ARCHIVED: availability cannot be established,NOT_ESTABLISHED,WAIT,Extended price: wait for a new base; do not chase,False,198.0,INSUFFICIENT_POINT_IN_TIME_EVIDENCE,"NEXT_SESSION_OPEN_TO_NTH_SESSION_CLOSE; unadjusted indicative, not strategy P&L",0.0714285714285714,,,,True,MIXED_OR_MISSING
6538,倉和,92c542496b747fd976d496ec712e6cc0e74e8660,2026-09-09T22:31:59Z,2026-09-09,EXTENDED,1.1396789906872136,0.114178881337561,0.3720391142853951,0.5218576256404666,0.4044265593561369,NOT_ARCHIVED: availability cannot be established,NOT_ESTABLISHED,PASS,Extended price: wait for a new base; do not chase,False,349.0,INSUFFICIENT_POINT_IN_TIME_EVIDENCE,"NEXT_SESSION_OPEN_TO_NTH_SESSION_CLOSE; unadjusted indicative, not strategy P&L",0.0014792899408284654,,,,True,MIXED_OR_MISSING
3055,蔚華科,92c542496b747fd976d496ec712e6cc0e74e8660,2026-09-09T22:31:59Z,2026-09-09,EXTENDED,0.3268975400788012,-0.0166275430359936,3.6273907210766696,0.2020100502512563,0.0528169014084507,NOT_ARCHIVED: availability cannot be established,NOT_ESTABLISHED,WAIT,Extended price: wait for a new base; do not chase,False,149.5,INSUFFICIENT_POINT_IN_TIME_EVIDENCE,"NEXT_SESSION_OPEN_TO_NTH_SESSION_CLOSE; unadjusted indicative, not strategy P&L",0.0847457627118644,,,,True,MIXED_OR_MISSING
6179,亞通,315593c62aad24c20f49474f874a924806be4a86,2026-09-10T13:03:24Z,2026-09-10,EXTENDED,0.376740226198855,0.2090418370295965,6.3139975901498575,0.2949152717272532,0.3082191700290217,NOT_ARCHIVED: availability cannot be established,NOT_ESTABLISHED,WAIT,Extended price: wait for a new base; do not chase,False,38.20000076293945,INSUFFICIENT_POINT_IN_TIME_EVIDENCE,"NEXT_SESSION_OPEN_TO_NTH_SESSION_CLOSE; unadjusted indicative, not strategy P&L",-0.06413614434477832,,,,True,MIXED_OR_MISSING
8227,巨有科技,315593c62aad24c20f49474f874a924806be4a86,2026-09-10T13:03:24Z,2026-09-10,EXTENDED,0.3609832751535349,0.2945382625893807,5.727982989842173,0.3317005969692332,0.389776357827476,NOT_ARCHIVED: availability cannot be established,NOT_ESTABLISHED,WAIT,Extended price: wait for a new base; do not chase,False,217.5,INSUFFICIENT_POINT_IN_TIME_EVIDENCE,"NEXT_SESSION_OPEN_TO_NTH_SESSION_CLOSE; unadjusted indicative, not strategy P&L",0.017021276595744705,,,,True,MIXED_OR_MISSING
3055,蔚華科,315593c62aad24c20f49474f874a924806be4a86,2026-09-10T13:03:24Z,2026-09-10,EXTENDED,0.3302418646652889,0.133821303185493,2.2846717348333594,0.2653222617635429,0.2213740458015267,NOT_ARCHIVED: availability cannot be established,NOT_ESTABLISHED,WAIT,Extended price: wait for a new base; do not chase,False,160.0,INSUFFICIENT_POINT_IN_TIME_EVIDENCE,"NEXT_SESSION_OPEN_TO_NTH_SESSION_CLOSE; unadjusted indicative, not strategy P&L",-0.025236593059936863,,,,True,MIXED_OR_MISSING
2305,全友,315593c62aad24c20f49474f874a924806be4a86,2026-09-10T13:03:24Z,2026-09-10,EXTENDED,0.240260058243005,0.2140124602212187,2.322096634143396,0.2836542460787277,0.2790697512316815,NOT_ARCHIVED: availability cannot be established,NOT_ESTABLISHED,WAIT,Extended price: wait for a new base; do not chase,False,38.5,INSUFFICIENT_POINT_IN_TIME_EVIDENCE,"NEXT_SESSION_OPEN_TO_NTH_SESSION_CLOSE; unadjusted indicative, not strategy P&L",0.06209566924833676,,,,True,MIXED_OR_MISSING
3624,光頡,315593c62aad24c20f49474f874a924806be4a86,2026-09-10T13:03:24Z,2026-09-10,EXTENDED,0.1735114601433918,0.2900732065733445,2.2316248483043077,0.2410475055629801,0.3384433480589039,NOT_ARCHIVED: availability cannot be established,NOT_ESTABLISHED,WAIT,Extended price: wait for a new base; do not chase,False,113.5,INSUFFICIENT_POINT_IN_TIME_EVIDENCE,"NEXT_SESSION_OPEN_TO_NTH_SESSION_CLOSE; unadjusted indicative, not strategy P&L",0.15277777777777768,,,,True,MIXED_OR_MISSING
6538,倉和,315593c62aad24c20f49474f874a924806be4a86,2026-09-10T13:03:24Z,2026-09-10,EXTENDED,0.8870731477222806,0.0131661765464582,0.2705774513963788,0.4260136914165351,0.2399267399267399,NOT_ARCHIVED: availability cannot be established,NOT_ESTABLISHED,PASS,Extended price: wait for a new base; do not chase,False,338.5,INSUFFICIENT_POINT_IN_TIME_EVIDENCE,"NEXT_SESSION_OPEN_TO_NTH_SESSION_CLOSE; unadjusted indicative, not strategy P&L",0.09037037037037043,,,,True,MIXED_OR_MISSING
6179,亞通,805781d096513a6658c740def1df47b6ad679645,2026-09-11T11:39:30Z,2026-09-11,PERSISTENT,0.3134661746767628,0.1273635910422854,2.83365117788295,0.1942542083399667,0.2077702547051423,NOT_ARCHIVED: availability cannot be established,NOT_ESTABLISHED,WAIT,Wait for a supported pullback with >=2R to observed resistance and <=8% stop distance,True,35.75,INSUFFICIENT_POINT_IN_TIME_EVIDENCE,"NEXT_SESSION_OPEN_TO_NTH_SESSION_CLOSE; unadjusted indicative, not strategy P&L",,,,,True,MIXED_OR_MISSING
3624,光頡,805781d096513a6658c740def1df47b6ad679645,2026-09-11T11:39:30Z,2026-09-11,EXTENDED,0.3829009725393015,0.2380715904836421,5.36953916485614,0.3357652442718393,0.3358369536121337,NOT_ARCHIVED: availability cannot be established,NOT_ESTABLISHED,WAIT,Extended price: wait for a new base; do not chase,True,124.5,INSUFFICIENT_POINT_IN_TIME_EVIDENCE,"NEXT_SESSION_OPEN_TO_NTH_SESSION_CLOSE; unadjusted indicative, not strategy P&L",,,,,True,MIXED_OR_MISSING
8227,巨有科技,805781d096513a6658c740def1df47b6ad679645,2026-09-11T11:39:30Z,2026-09-11,EXTENDED,0.5693972758009127,0.3634969963873358,3.4917737288710287,0.4251639833035183,0.5078864353312302,NOT_ARCHIVED: availability cannot be established,NOT_ESTABLISHED,PASS,Extended price: wait for a new base; do not chase,True,239.0,INSUFFICIENT_POINT_IN_TIME_EVIDENCE,"NEXT_SESSION_OPEN_TO_NTH_SESSION_CLOSE; unadjusted indicative, not strategy P&L",,,,,True,MIXED_OR_MISSING
2305,全友,805781d096513a6658c740def1df47b6ad679645,2026-09-11T11:39:30Z,2026-09-11,EXTENDED,0.3904766138421269,0.230972776123264,5.793643959031113,0.3424903699868362,0.3306320495774619,NOT_ARCHIVED: availability cannot be established,NOT_ESTABLISHED,WAIT,Extended price: wait for a new base; do not chase,True,41.04999923706055,INSUFFICIENT_POINT_IN_TIME_EVIDENCE,"NEXT_SESSION_OPEN_TO_NTH_SESSION_CLOSE; unadjusted indicative, not strategy P&L",,,,,True,MIXED_OR_MISSING
3055,蔚華科,805781d096513a6658c740def1df47b6ad679645,2026-09-11T11:39:30Z,2026-09-11,EXTENDED,0.323736071749473,0.083063597918022,2.661030181827729,0.2035053554040895,0.1660377358490565,NOT_ARCHIVED: availability cannot be established,NOT_ESTABLISHED,WAIT,Extended price: wait for a new base; do not chase,True,154.5,INSUFFICIENT_POINT_IN_TIME_EVIDENCE,"NEXT_SESSION_OPEN_TO_NTH_SESSION_CLOSE; unadjusted indicative, not strategy P&L",,,,,True,MIXED_OR_MISSING
6538,倉和,805781d096513a6658c740def1df47b6ad679645,2026-09-11T11:39:30Z,2026-09-11,EXTENDED,0.9918395200253352,-0.0233333333333334,0.367902934351109,0.4924465172868295,0.2266666666666665,NOT_ARCHIVED: availability cannot be established,NOT_ESTABLISHED,PASS,Extended price: wait for a new base; do not chase,True,368.0,INSUFFICIENT_POINT_IN_TIME_EVIDENCE,"NEXT_SESSION_OPEN_TO_NTH_SESSION_CLOSE; unadjusted indicative, not strategy P&L",,,,,True,MIXED_OR_MISSING
