run_id,decision_contract_version,international_price_state,international_price_reason,global_theme,driver_id,driver_label,taiwan_code,ticker,name,industry,economic_role,linkage_tier,linkage_confidence,polarity,seed_provenance_status,provenance_status,edge_research_as_of_utc,edge_source_count,edge_source_summary,edge_counter_evidence,edge_source_urls,dynamic_driver_state,reaction_state,previous_reaction_state,entry_trigger_state,etf_ticker,etf_role,exposure_purity,comparison_policy,stock_vs_etf_state,rs_20d_vs_bench,rs_60d_vs_bench,acceleration,keynes_v2,gate_driver_active,gate_edge_source_backed,gate_positive_long_edge,gate_not_extended,gate_not_broken,gate_entry_research_state,decision_stage,candidate_action,decision_blockers,auto_trade_allowed,research_priority_score,decision_session,deployment_mode,strategy_version,live_execution_authorized,execution_action,launch_blockers,public_lineage_id
20260916T062512+0800-3a36a2e4,2.7.1,DEVELOPING,"Shipping: independent_companies=10; breadth_basis=COMPANY_ONLY; trend=0.877; breadth=0.820; leader_states=['NEUTRAL', 'PERSISTENT', 'PULLBACK_LEADER']",Shipping,CONTAINER_FREIGHT,Container freight / liner shipping cycle,2609,2609.TW,陽明,航運業,container_shipping,DIRECT,0.95,POSITIVE,NEEDS_SOURCE_BACKFILL,SOURCE_BACKED,2026-09-06T08:15:00Z,2.0,"Yang Ming's August 2026 H1 results directly tie Q2 earnings improvement to Asia-Europe and Transpacific booking demand and higher freight-rate levels, and describe cargo demand, fleet deployment and capacity as key Q3 operating variables. This establishes direct current economic exposure to the container-freight cycle.","Yang Ming also cites global fleet-capacity growth exceeding container-demand growth and geopolitical/tariff uncertainty, so stronger spot rates may not persist uniformly across routes.",https://e-solution.yangming.com/News/press_release/PressContent.aspx?BulletinType=PressRelease&localSiteD=&uid=16068|https://esg.yangming.com/investors/information/investor-conference/,UNRESOLVED,CONFIRMING,PERSISTENT,NOT_TRIGGERED,BOAT,THEME_CORE,HIGH,ETF_CORE_PREFERRED,ETF_CORE_PREFERRED,0.0839805492519749,0.2169802605526699,0.0146121814655561,0.0281002231847373,False,True,True,True,True,True,GATE_1_CAUSAL,WATCH_RESEARCH,DRIVER_NOT_ACTIVE_RESEARCH_VALIDATED,False,0.8341038602941178,2026-09-15,SHADOW,ALPHA_HUNTER_SHADOW_V1,False,NO_LIVE_ORDER,SHADOW_ONLY_NOT_APPROVED_FOR_LIVE_EXECUTION;FROZEN_RULES_CHANGED_REVALIDATION_REQUIRED,4b814b2c047eee0f17580c017ee45179704103fa313d50b01b53fc626407c7df
20260916T062512+0800-3a36a2e4,2.7.1,DEVELOPING,"Shipping: independent_companies=10; breadth_basis=COMPANY_ONLY; trend=0.877; breadth=0.820; leader_states=['NEUTRAL', 'PERSISTENT', 'PULLBACK_LEADER']",Shipping,CONTAINER_FREIGHT,Container freight / liner shipping cycle,2603,2603.TW,長榮,航運業,container_shipping,DIRECT,0.95,POSITIVE,NEEDS_SOURCE_BACKFILL,SOURCE_BACKED,2026-09-06T08:15:00Z,2.0,"Evergreen Marine is primarily a global container-shipping operator; its 2025 reporting shows freight revenue represented about 93% of operating revenue, while Taiwan's Maritime and Port Bureau lists Evergreen among national carriers filing route freight rates. This establishes direct economic sensitivity to the container-freight cycle.","Evergreen's scale, contract mix, bunker costs and fleet deployment can cause realized revenue and margins to diverge from spot indices; management has also flagged weaker demand/inflation risks beyond the peak season.",https://www.motcmpb.gov.tw/Information/Detail/c619bdab-9539-47ec-92e4-364608965d99?NodeId=10125&SiteId=1|https://quartr.com/events/evergreen-marine-corporation-taiwan-2603-q4-2025_FG31ggwf,UNRESOLVED,CONFIRMING,CONFIRMING,NOT_TRIGGERED,BOAT,THEME_CORE,HIGH,ETF_CORE_PREFERRED,ETF_CORE_PREFERRED,0.0236436136869944,0.2409498353242173,0.0243775457781365,-0.0115283934916306,False,True,True,True,True,True,GATE_1_CAUSAL,WATCH_RESEARCH,DRIVER_NOT_ACTIVE_RESEARCH_VALIDATED,False,0.8341038602941178,2026-09-15,SHADOW,ALPHA_HUNTER_SHADOW_V1,False,NO_LIVE_ORDER,SHADOW_ONLY_NOT_APPROVED_FOR_LIVE_EXECUTION;FROZEN_RULES_CHANGED_REVALIDATION_REQUIRED,4b814b2c047eee0f17580c017ee45179704103fa313d50b01b53fc626407c7df
20260916T062512+0800-3a36a2e4,2.7.1,DEVELOPING,"Shipping: independent_companies=10; breadth_basis=COMPANY_ONLY; trend=0.877; breadth=0.820; leader_states=['NEUTRAL', 'PERSISTENT', 'PULLBACK_LEADER']",Shipping,DRY_BULK_FREIGHT,Dry-bulk freight / commodity shipping cycle,2617,2617.TW,台航,航運業,dry_bulk_shipping,DIRECT,0.9,POSITIVE,NEEDS_SOURCE_BACKFILL,SOURCE_BACKED,2026-09-06T08:25:00Z,2.0,"Taiwan Navigation identifies dry-bulk shipping as its core business and reports 21 dry-bulk vessels in its fleet; July 2026 operating commentary also states that spot-linked vessel day rates rose with the dry-bulk market, directly demonstrating current transmission from freight conditions into operating economics.","Part of the fleet is protected by long-term contracts and the company also operates passenger/cargo ferry, harbor and special-vessel businesses, which dampens one-for-one sensitivity to spot dry-bulk indices.",https://www.taiwanline.com.tw/DATA/ESG/2024%E5%8F%B0%E8%88%AAESG%E5%A0%B1%E5%91%8A%E6%9B%B8.pdf|https://wealth.firstbank.com.tw/investment-tips/trend-insight/news/news-detail?id=%7B8C529218-57F1-45F9-B98F-DBAE6B056D48%7D,UNRESOLVED,PERSISTENT,PERSISTENT,NOT_TRIGGERED,BOAT,THEME_CORE,MEDIUM,STOCK_ALPHA_ALLOWED,STOCK_ALPHA_RESEARCH,0.1356243048438972,0.1784470360065414,-0.0198111037686959,0.2492341246797613,False,True,True,True,True,False,GATE_1_CAUSAL,WATCH_RESEARCH,DRIVER_NOT_ACTIVE_RESEARCH_VALIDATED,False,0.8341038602941178,2026-09-15,SHADOW,ALPHA_HUNTER_SHADOW_V1,False,NO_LIVE_ORDER,SHADOW_ONLY_NOT_APPROVED_FOR_LIVE_EXECUTION;FROZEN_RULES_CHANGED_REVALIDATION_REQUIRED,4b814b2c047eee0f17580c017ee45179704103fa313d50b01b53fc626407c7df
20260916T062512+0800-3a36a2e4,2.7.1,REJECTED,"Financials: independent_companies=3; breadth_basis=COMPANY_ONLY; trend=0.227; breadth=0.200; leader_states=['NEUTRAL', 'WEAKENING']",Financials,FINANCIALS_RATE_CREDIT_CYCLE,Financials rate / credit / margin cycle,2882,2882.TW,國泰金,金融保險業,financials,DIRECT,0.8,POSITIVE,NEEDS_SOURCE_BACKFILL,NEEDS_SOURCE_BACKFILL,,,,,,UNRESOLVED,PERSISTENT,PERSISTENT,NOT_TRIGGERED,XLF,SECTOR_CORE,HIGH,ETF_CORE_PREFERRED,ETF_CORE_PREFERRED,0.1466745229981552,0.0217831671486509,-0.0580547548690105,0.3366677419768896,False,False,True,True,True,False,GATE_0_INTERNATIONAL_PRICE,WATCH_RESEARCH,DRIVER_NOT_ACTIVE_RESEARCH_VALIDATED;EDGE_PROVENANCE_NOT_SOURCE_BACKED;INTERNATIONAL_PRICE_REJECTED,False,0.7844531250000001,2026-09-15,SHADOW,ALPHA_HUNTER_SHADOW_V1,False,NO_LIVE_ORDER,SHADOW_ONLY_NOT_APPROVED_FOR_LIVE_EXECUTION;FROZEN_RULES_CHANGED_REVALIDATION_REQUIRED,4b814b2c047eee0f17580c017ee45179704103fa313d50b01b53fc626407c7df
20260916T062512+0800-3a36a2e4,2.7.1,REJECTED,"Financials: independent_companies=3; breadth_basis=COMPANY_ONLY; trend=0.227; breadth=0.200; leader_states=['NEUTRAL', 'WEAKENING']",Financials,FINANCIALS_RATE_CREDIT_CYCLE,Financials rate / credit / margin cycle,2881,2881.TW,富邦金,金融保險業,financials,DIRECT,0.8,POSITIVE,NEEDS_SOURCE_BACKFILL,NEEDS_SOURCE_BACKFILL,,,,,,UNRESOLVED,PERSISTENT,PERSISTENT,NOT_TRIGGERED,XLF,SECTOR_CORE,HIGH,ETF_CORE_PREFERRED,ETF_CORE_PREFERRED,0.226977147801078,0.1667789176671571,-0.0280829727138451,0.6556862886572175,False,False,True,True,True,False,GATE_0_INTERNATIONAL_PRICE,WATCH_RESEARCH,DRIVER_NOT_ACTIVE_RESEARCH_VALIDATED;EDGE_PROVENANCE_NOT_SOURCE_BACKED;INTERNATIONAL_PRICE_REJECTED,False,0.7844531250000001,2026-09-15,SHADOW,ALPHA_HUNTER_SHADOW_V1,False,NO_LIVE_ORDER,SHADOW_ONLY_NOT_APPROVED_FOR_LIVE_EXECUTION;FROZEN_RULES_CHANGED_REVALIDATION_REQUIRED,4b814b2c047eee0f17580c017ee45179704103fa313d50b01b53fc626407c7df
20260916T062512+0800-3a36a2e4,2.7.1,REJECTED,"Financials: independent_companies=3; breadth_basis=COMPANY_ONLY; trend=0.227; breadth=0.200; leader_states=['NEUTRAL', 'WEAKENING']",Financials,FINANCIALS_RATE_CREDIT_CYCLE,Financials rate / credit / margin cycle,2886,2886.TW,兆豐金,金融保險業,financials,DIRECT,0.78,POSITIVE,NEEDS_SOURCE_BACKFILL,NEEDS_SOURCE_BACKFILL,,,,,,UNRESOLVED,PERSISTENT,PERSISTENT,NOT_TRIGGERED,XLF,SECTOR_CORE,HIGH,ETF_CORE_PREFERRED,ETF_CORE_PREFERRED,0.1264949932849348,0.2098248109813648,-0.0024039591219895,0.5404017412124581,False,False,True,True,True,False,GATE_0_INTERNATIONAL_PRICE,WATCH_RESEARCH,DRIVER_NOT_ACTIVE_RESEARCH_VALIDATED;EDGE_PROVENANCE_NOT_SOURCE_BACKED;INTERNATIONAL_PRICE_REJECTED,False,0.7764531250000001,2026-09-15,SHADOW,ALPHA_HUNTER_SHADOW_V1,False,NO_LIVE_ORDER,SHADOW_ONLY_NOT_APPROVED_FOR_LIVE_EXECUTION;FROZEN_RULES_CHANGED_REVALIDATION_REQUIRED,4b814b2c047eee0f17580c017ee45179704103fa313d50b01b53fc626407c7df
20260916T062512+0800-3a36a2e4,2.7.1,REJECTED,"Financials: independent_companies=3; breadth_basis=COMPANY_ONLY; trend=0.227; breadth=0.200; leader_states=['NEUTRAL', 'WEAKENING']",Financials,FINANCIALS_RATE_CREDIT_CYCLE,Financials rate / credit / margin cycle,2891,2891.TW,中信金,金融保險業,financials,DIRECT,0.8,POSITIVE,NEEDS_SOURCE_BACKFILL,NEEDS_SOURCE_BACKFILL,,,,,,UNRESOLVED,CONFIRMING,CONFIRMING,NOT_TRIGGERED,XLF,SECTOR_CORE,HIGH,ETF_CORE_PREFERRED,ETF_CORE_PREFERRED,0.0379952713189497,-0.0047455386463862,0.00996407216634,0.1044019011013122,False,False,True,True,True,True,GATE_0_INTERNATIONAL_PRICE,WATCH_RESEARCH,DRIVER_NOT_ACTIVE_RESEARCH_VALIDATED;EDGE_PROVENANCE_NOT_SOURCE_BACKED;INTERNATIONAL_PRICE_REJECTED,False,0.7644531250000001,2026-09-15,SHADOW,ALPHA_HUNTER_SHADOW_V1,False,NO_LIVE_ORDER,SHADOW_ONLY_NOT_APPROVED_FOR_LIVE_EXECUTION;FROZEN_RULES_CHANGED_REVALIDATION_REQUIRED,4b814b2c047eee0f17580c017ee45179704103fa313d50b01b53fc626407c7df
20260916T062512+0800-3a36a2e4,2.7.1,DEVELOPING,"Shipping: independent_companies=10; breadth_basis=COMPANY_ONLY; trend=0.877; breadth=0.820; leader_states=['NEUTRAL', 'PERSISTENT', 'PULLBACK_LEADER']",Shipping,CONTAINER_FREIGHT,Container freight / liner shipping cycle,2615,2615.TW,萬海,航運業,container_shipping,DIRECT,0.95,POSITIVE,NEEDS_SOURCE_BACKFILL,SOURCE_BACKED,2026-09-06T08:15:00Z,2.0,"Wan Hai identifies itself as a marine container-shipping company whose business depends on container transport demand, route deployment and freight-rate conditions; its current tariff/bunker notices show direct commercial pricing exposure on major trades. This is a direct operating edge to the container-freight cycle.","Fuel surcharges, vessel additions and route mix can change realized economics independently of headline spot freight indices; strong spot rates do not map one-for-one into earnings.",https://www.wanhai.com/FileView?file_name=204442.pdf&file_num=80640&file_path=www_files&in_line=in_line|https://www.wanhai.com/FileView?file_name=229996.pdf&file_num=64838&file_path=www_files,UNRESOLVED,PULLBACK,PULLBACK,NOT_TRIGGERED,BOAT,THEME_CORE,HIGH,ETF_CORE_PREFERRED,ETF_CORE_PREFERRED,0.1344236843265878,0.4712804235565447,-0.0166666666666666,0.0431077953888974,False,True,True,True,True,True,GATE_1_CAUSAL,WATCH_RESEARCH,DRIVER_NOT_ACTIVE_RESEARCH_VALIDATED,False,0.7581038602941177,2026-09-15,SHADOW,ALPHA_HUNTER_SHADOW_V1,False,NO_LIVE_ORDER,SHADOW_ONLY_NOT_APPROVED_FOR_LIVE_EXECUTION;FROZEN_RULES_CHANGED_REVALIDATION_REQUIRED,4b814b2c047eee0f17580c017ee45179704103fa313d50b01b53fc626407c7df
20260916T062512+0800-3a36a2e4,2.7.1,DEVELOPING,"Shipping: independent_companies=10; breadth_basis=COMPANY_ONLY; trend=0.877; breadth=0.820; leader_states=['NEUTRAL', 'PERSISTENT', 'PULLBACK_LEADER']",Shipping,DRY_BULK_FREIGHT,Dry-bulk freight / commodity shipping cycle,2606,2606.TW,裕民,航運業,dry_bulk_shipping,DIRECT,0.92,POSITIVE,NEEDS_SOURCE_BACKFILL,SOURCE_BACKED,2026-09-06T08:00:00Z,2.0,"U-Ming is directly exposed through Capesize, Panamax, Post-Panamax and Ultramax dry-bulk vessels. At its 2026 AGM the company said dry-bulk fundamentals were improving, Capesize rates were leading, tonne-mile demand from Simandou/Guinea exports was rising and effective supply remained constrained; it also continued expanding its dry-bulk fleet. This is a direct current economic edge to the dry-bulk freight cycle.","Nominal fleet supply growth and macro/trade-policy weakness remain counter-risks, and U-Ming is diversifying into LNG and other shipping segments, reducing pure-play exposure.",https://www.uming.com.tw/news/News_detail.aspx?ID=PRE0153|https://www.uming.com.tw/news/News_detail.aspx?ID=PRE0152,UNRESOLVED,PULLBACK,PERSISTENT,NOT_TRIGGERED,BOAT,THEME_CORE,MEDIUM,STOCK_ALPHA_ALLOWED,STOCK_ALPHA_RESEARCH,0.1155515984271753,0.2519949013346426,-0.061421012167495,0.0824939296605905,False,True,True,True,True,True,GATE_1_CAUSAL,WATCH_RESEARCH,DRIVER_NOT_ACTIVE_RESEARCH_VALIDATED,False,0.7461038602941177,2026-09-15,SHADOW,ALPHA_HUNTER_SHADOW_V1,False,NO_LIVE_ORDER,SHADOW_ONLY_NOT_APPROVED_FOR_LIVE_EXECUTION;FROZEN_RULES_CHANGED_REVALIDATION_REQUIRED,4b814b2c047eee0f17580c017ee45179704103fa313d50b01b53fc626407c7df
20260916T062512+0800-3a36a2e4,2.7.1,DEVELOPING,"Shipping: independent_companies=10; breadth_basis=COMPANY_ONLY; trend=0.877; breadth=0.820; leader_states=['NEUTRAL', 'PERSISTENT', 'PULLBACK_LEADER']",Shipping,DRY_BULK_FREIGHT,Dry-bulk freight / commodity shipping cycle,2637,2637.TW,慧洋-KY,航運業,dry_bulk_shipping,DIRECT,0.92,POSITIVE,NEEDS_SOURCE_BACKFILL,SOURCE_BACKED,2026-09-06T08:00:00Z,3.0,"Wisdom Marine identifies itself as a dry-bulk shipping company with a large diversified bulk fleet and predominantly charter-hire revenue. Its September 3 monthly earnings release showed year-to-date revenue +33.66%, operating profit +206.12% and month-end BDI 3,186, providing current company-level evidence of economic sensitivity to the dry-bulk freight environment.","A large share of the fleet is on time charter, which can damp or delay spot-rate transmission; dry-dock schedules and JPY-linked financing also affect earnings independently of freight rates.",https://www.wisdomlines.com.tw/ir|https://www.wisdomlines.com.tw/news/2609003800303|https://www.wisdomlines.com.tw/storage/uploads/general_meeting/20260522%20Annual%20Report_2025_EN.pdf,UNRESOLVED,PULLBACK,PERSISTENT,NOT_TRIGGERED,BOAT,THEME_CORE,MEDIUM,STOCK_ALPHA_ALLOWED,STOCK_ALPHA_RESEARCH,0.1608050545648276,0.317880095711088,-0.0353440108568229,0.115808415129867,False,True,True,True,True,True,GATE_1_CAUSAL,WATCH_RESEARCH,DRIVER_NOT_ACTIVE_RESEARCH_VALIDATED,False,0.7461038602941177,2026-09-15,SHADOW,ALPHA_HUNTER_SHADOW_V1,False,NO_LIVE_ORDER,SHADOW_ONLY_NOT_APPROVED_FOR_LIVE_EXECUTION;FROZEN_RULES_CHANGED_REVALIDATION_REQUIRED,4b814b2c047eee0f17580c017ee45179704103fa313d50b01b53fc626407c7df
20260916T062512+0800-3a36a2e4,2.7.1,DEVELOPING,"Shipping: independent_companies=10; breadth_basis=COMPANY_ONLY; trend=0.877; breadth=0.820; leader_states=['NEUTRAL', 'PERSISTENT', 'PULLBACK_LEADER']",Shipping,DRY_BULK_FREIGHT,Dry-bulk freight / commodity shipping cycle,2605,2605.TW,新興,航運業,dry_bulk_shipping,DIRECT,0.9,POSITIVE,NEEDS_SOURCE_BACKFILL,SOURCE_BACKED,2026-09-06T08:25:00Z,2.0,"Sincere Navigation identifies dry-bulk shipping as its principal business and its current fleet includes four Kamsarmax bulkers, seven Capesize bulkers and one 250,000-DWT ore carrier, establishing direct economic exposure to dry-bulk freight rates and tonne-mile demand.","The fleet also includes three VLCC crude tankers, so company earnings are not a pure dry-bulk proxy and can diverge from BDI/BCI when tanker economics move differently.",https://www.snc.com.tw/%E6%8A%95%E8%B3%87%E4%BA%BA%E9%97%9C%E4%BF%82/|https://www.snc.com.tw/%E6%96%B0%E8%88%88%E8%88%B9%E9%9A%8A/,UNRESOLVED,PULLBACK,PERSISTENT,NOT_TRIGGERED,BOAT,THEME_CORE,MEDIUM,STOCK_ALPHA_ALLOWED,STOCK_ALPHA_RESEARCH,0.0986697042822766,0.2194501150572624,-0.0386606965765028,-0.0004756434165205,False,True,True,True,True,True,GATE_1_CAUSAL,WATCH_RESEARCH,DRIVER_NOT_ACTIVE_RESEARCH_VALIDATED,False,0.7381038602941177,2026-09-15,SHADOW,ALPHA_HUNTER_SHADOW_V1,False,NO_LIVE_ORDER,SHADOW_ONLY_NOT_APPROVED_FOR_LIVE_EXECUTION;FROZEN_RULES_CHANGED_REVALIDATION_REQUIRED,4b814b2c047eee0f17580c017ee45179704103fa313d50b01b53fc626407c7df
20260916T062512+0800-3a36a2e4,2.7.1,CONFIRMED,Cybersecurity: independent_companies=9; breadth_basis=COMPANY_ONLY; trend=0.938; breadth=0.894; leader_states=['PERSISTENT'],Cybersecurity,ENTERPRISE_CYBER_SPEND,Enterprise cybersecurity spending,3029,3029.TW,零壹,資訊服務業,security_distribution,SECOND_ORDER,0.64,POSITIVE,NEEDS_SOURCE_BACKFILL,NEEDS_SOURCE_BACKFILL,,,,,,UNRESOLVED,PERSISTENT,PERSISTENT,NOT_TRIGGERED,HACK,THEME_CORE,HIGH,ETF_CORE_PREFERRED,ETF_CORE_PREFERRED,0.063812454974212,0.1607538119443455,0.0371988737094587,0.4377742889959626,False,False,True,True,True,False,GATE_1_CAUSAL,WATCH_RESEARCH,DRIVER_NOT_ACTIVE_RESEARCH_VALIDATED;EDGE_PROVENANCE_NOT_SOURCE_BACKED,False,0.6927927083333333,2026-09-15,SHADOW,ALPHA_HUNTER_SHADOW_V1,False,NO_LIVE_ORDER,SHADOW_ONLY_NOT_APPROVED_FOR_LIVE_EXECUTION;FROZEN_RULES_CHANGED_REVALIDATION_REQUIRED,4b814b2c047eee0f17580c017ee45179704103fa313d50b01b53fc626407c7df
20260916T062512+0800-3a36a2e4,2.7.1,DEVELOPING,"AI_Server: independent_companies=3; breadth_basis=COMPANY_ONLY; trend=0.724; breadth=0.417; leader_states=['NEUTRAL', 'PULLBACK_LEADER', 'WEAKENING']",AI_Server,AI_SERVER_THERMAL_DENSITY,AI server thermal density / liquid cooling,3324,3324.TWO,雙鴻,其他電子業,thermal_management,STRONG,0.82,POSITIVE,NEEDS_SOURCE_BACKFILL,NEEDS_SOURCE_BACKFILL,,,,,,UNRESOLVED,PERSISTENT,PERSISTENT,NOT_TRIGGERED,QQQ,BROAD_CORE,LOW,STOCK_ALPHA_ALLOWED,STOCK_BLOCKED_WEAK_EDGE,0.2983929770215097,0.2325967289371174,-0.1317873821078655,0.2826397463425134,False,False,True,True,True,False,GATE_1_CAUSAL,WATCH_RESEARCH,DRIVER_NOT_ACTIVE_RESEARCH_VALIDATED;EDGE_PROVENANCE_NOT_SOURCE_BACKED,False,0.6889822916666668,2026-09-15,SHADOW,ALPHA_HUNTER_SHADOW_V1,False,NO_LIVE_ORDER,SHADOW_ONLY_NOT_APPROVED_FOR_LIVE_EXECUTION;FROZEN_RULES_CHANGED_REVALIDATION_REQUIRED,4b814b2c047eee0f17580c017ee45179704103fa313d50b01b53fc626407c7df
20260916T062512+0800-3a36a2e4,2.7.1,DEVELOPING,"AI_Server: independent_companies=3; breadth_basis=COMPANY_ONLY; trend=0.724; breadth=0.417; leader_states=['NEUTRAL', 'PULLBACK_LEADER', 'WEAKENING']",AI_Server,AI_SERVER_SHIPMENTS,AI server shipment / ODM cycle,6669,6669.TW,緯穎,電腦及週邊設備業,server_odm,DIRECT,0.98,POSITIVE,NEEDS_SOURCE_BACKFILL,SOURCE_BACKED,2026-09-06T08:00:00Z,2.0,Wiwynn is a hyperscale data-center and cloud-infrastructure ODM. Its 2026 Q1 disclosure says server rack sales increased month over month and full-year shipment volume was still expected to grow at a double-digit rate; its 2026 annual report states its products had shipped to more than 750 hyperscale data centers and that it held nearly 30% of global ODM-Direct server shipments in 2025. This is direct current economic exposure to the AI-server shipment cycle.,Customer concentration and procurement-model changes can distort reported revenue versus physical shipment volume; strong AI demand therefore does not map one-for-one into revenue growth.,https://www.wiwynn.com/zh/news/wiwynn-reports-first-quarter-2026-financial-results?hs_amp=true|https://www.wiwynn.com/hubfs/Investors/Shareholders_Services/2026_Annual_Report_EN.pdf,UNRESOLVED,PULLBACK,PULLBACK,NOT_TRIGGERED,QQQ,BROAD_CORE,LOW,STOCK_ALPHA_ALLOWED,STOCK_ALPHA_RESEARCH,0.0226866517242338,0.3710683835966716,-0.0304169369792009,0.0647605302360453,False,True,True,True,True,True,GATE_1_CAUSAL,WATCH_RESEARCH,DRIVER_NOT_ACTIVE_RESEARCH_VALIDATED,False,0.6863657779051988,2026-09-15,SHADOW,ALPHA_HUNTER_SHADOW_V1,False,NO_LIVE_ORDER,SHADOW_ONLY_NOT_APPROVED_FOR_LIVE_EXECUTION;FROZEN_RULES_CHANGED_REVALIDATION_REQUIRED,4b814b2c047eee0f17580c017ee45179704103fa313d50b01b53fc626407c7df
20260916T062512+0800-3a36a2e4,2.7.1,CONFIRMED,Cybersecurity: independent_companies=9; breadth_basis=COMPANY_ONLY; trend=0.938; breadth=0.894; leader_states=['PERSISTENT'],Cybersecurity,ENTERPRISE_CYBER_SPEND,Enterprise cybersecurity spending,6140,6140.TWO,訊達,資訊服務業,enterprise_it_channel,SECOND_ORDER,0.58,POSITIVE,NEEDS_SOURCE_BACKFILL,NEEDS_SOURCE_BACKFILL,,,,,,UNRESOLVED,CONFIRMING,PRE_CONFIRMATION,BREAKOUT_CONFIRMATION_TRIGGER,HACK,THEME_CORE,HIGH,ETF_CORE_PREFERRED,ETF_CORE_PREFERRED,0.1059461203955485,-0.1200460349424858,0.1650456174108708,0.7016326705671716,False,False,True,True,True,True,GATE_1_CAUSAL,WATCH_RESEARCH,DRIVER_NOT_ACTIVE_RESEARCH_VALIDATED;EDGE_PROVENANCE_NOT_SOURCE_BACKED,False,0.6583927083333333,2026-09-15,SHADOW,ALPHA_HUNTER_SHADOW_V1,False,NO_LIVE_ORDER,SHADOW_ONLY_NOT_APPROVED_FOR_LIVE_EXECUTION;FROZEN_RULES_CHANGED_REVALIDATION_REQUIRED,4b814b2c047eee0f17580c017ee45179704103fa313d50b01b53fc626407c7df
20260916T062512+0800-3a36a2e4,2.7.1,DEVELOPING,"AI_Server: independent_companies=3; breadth_basis=COMPANY_ONLY; trend=0.724; breadth=0.417; leader_states=['NEUTRAL', 'PULLBACK_LEADER', 'WEAKENING']",AI_Server,AI_SERVER_RACK_BUILD,AI rack / server system buildout,3693,3693.TWO,營邦,電腦及週邊設備業,server_chassis,STRONG,0.78,POSITIVE,NEEDS_SOURCE_BACKFILL,NEEDS_SOURCE_BACKFILL,,,,,,UNRESOLVED,PERSISTENT,PERSISTENT,NOT_TRIGGERED,QQQ,BROAD_CORE,LOW,STOCK_ALPHA_ALLOWED,STOCK_BLOCKED_WEAK_EDGE,0.3294927395749685,0.4090581513317205,-0.0774874904014189,1.016805223766765,False,False,True,True,True,False,GATE_1_CAUSAL,WATCH_RESEARCH,DRIVER_NOT_ACTIVE_RESEARCH_VALIDATED;EDGE_PROVENANCE_NOT_SOURCE_BACKED,False,0.6555657779051989,2026-09-15,SHADOW,ALPHA_HUNTER_SHADOW_V1,False,NO_LIVE_ORDER,SHADOW_ONLY_NOT_APPROVED_FOR_LIVE_EXECUTION;FROZEN_RULES_CHANGED_REVALIDATION_REQUIRED,4b814b2c047eee0f17580c017ee45179704103fa313d50b01b53fc626407c7df
20260916T062512+0800-3a36a2e4,2.7.1,DEVELOPING,"AI_Server: independent_companies=3; breadth_basis=COMPANY_ONLY; trend=0.724; breadth=0.417; leader_states=['NEUTRAL', 'PULLBACK_LEADER', 'WEAKENING']",AI_Server,AI_SERVER_SHIPMENTS,AI server shipment / ODM cycle,3231,3231.TW,緯創,電腦及週邊設備業,server_odm,DIRECT,0.95,POSITIVE,NEEDS_SOURCE_BACKFILL,SOURCE_BACKED,2026-09-06T08:00:00Z,2.0,Wistron explicitly approved facility upgrades to support expansion of AI-related businesses and machinery/equipment spending to expand AI-server manufacturing capacity in Mexico; its 1H26 results also approved additional Taiwan capex primarily for machinery and equipment supporting future capacity expansion. This is direct manufacturing exposure to the AI-server shipment cycle.,"Capacity expansion can precede realized shipments and margins; execution, customer mix and accelerator allocation remain material risks.",https://www.wistron.com/en/Newsroom/2026-03-12|https://www.wistron.com/en/Newsroom/2026-08-04,UNRESOLVED,UNKNOWN,UNKNOWN,NOT_TRIGGERED,QQQ,BROAD_CORE,LOW,STOCK_ALPHA_ALLOWED,STOCK_ALPHA_RESEARCH,-0.0322000471623836,0.1748124037115849,-0.0235195443840445,0.0019850159749852,False,True,True,True,True,False,GATE_1_CAUSAL,WATCH_RESEARCH,DRIVER_NOT_ACTIVE_RESEARCH_VALIDATED,False,0.6403657779051988,2026-09-15,SHADOW,ALPHA_HUNTER_SHADOW_V1,False,NO_LIVE_ORDER,SHADOW_ONLY_NOT_APPROVED_FOR_LIVE_EXECUTION;FROZEN_RULES_CHANGED_REVALIDATION_REQUIRED,4b814b2c047eee0f17580c017ee45179704103fa313d50b01b53fc626407c7df
20260916T062512+0800-3a36a2e4,2.7.1,DEVELOPING,"AI_Server: independent_companies=3; breadth_basis=COMPANY_ONLY; trend=0.724; breadth=0.417; leader_states=['NEUTRAL', 'PULLBACK_LEADER', 'WEAKENING']",AI_Server,AI_SERVER_THERMAL_DENSITY,AI server thermal density / liquid cooling,6230,6230.TW,尼得科超眾,電腦及週邊設備業,thermal_management,STRONG,0.76,POSITIVE,NEEDS_SOURCE_BACKFILL,NEEDS_SOURCE_BACKFILL,,,,,,UNRESOLVED,CONFIRMING,PRE_CONFIRMATION,BREAKOUT_CONFIRMATION_TRIGGER,QQQ,BROAD_CORE,LOW,STOCK_ALPHA_ALLOWED,STOCK_BLOCKED_WEAK_EDGE,0.0400640857635139,-0.1077841562683136,0.0069444444444444,0.0012244604429501,False,False,True,True,True,True,GATE_1_CAUSAL,WATCH_RESEARCH,DRIVER_NOT_ACTIVE_RESEARCH_VALIDATED;EDGE_PROVENANCE_NOT_SOURCE_BACKED,False,0.6287657779051989,2026-09-15,SHADOW,ALPHA_HUNTER_SHADOW_V1,False,NO_LIVE_ORDER,SHADOW_ONLY_NOT_APPROVED_FOR_LIVE_EXECUTION;FROZEN_RULES_CHANGED_REVALIDATION_REQUIRED,4b814b2c047eee0f17580c017ee45179704103fa313d50b01b53fc626407c7df
20260916T062512+0800-3a36a2e4,2.7.1,DEVELOPING,"AI_Server: independent_companies=3; breadth_basis=COMPANY_ONLY; trend=0.724; breadth=0.417; leader_states=['NEUTRAL', 'PULLBACK_LEADER', 'WEAKENING']",AI_Server,AI_SERVER_SHIPMENTS,AI server shipment / ODM cycle,2382,2382.TW,廣達,電腦及週邊設備業,server_odm,DIRECT,0.95,POSITIVE,NEEDS_SOURCE_BACKFILL,NEEDS_SOURCE_BACKFILL,,,,,,UNRESOLVED,BROKEN,UNKNOWN,NOT_TRIGGERED,QQQ,BROAD_CORE,LOW,STOCK_ALPHA_ALLOWED,STOCK_BLOCKED_WEAK_EDGE,-0.0031129864146826,-0.0649672296065845,0.0106567464757215,0.011993939495368,False,False,True,True,False,False,GATE_1_CAUSAL,WATCH_RESEARCH,DRIVER_NOT_ACTIVE_RESEARCH_VALIDATED;EDGE_PROVENANCE_NOT_SOURCE_BACKED,False,0.5903657779051987,2026-09-15,SHADOW,ALPHA_HUNTER_SHADOW_V1,False,NO_LIVE_ORDER,SHADOW_ONLY_NOT_APPROVED_FOR_LIVE_EXECUTION;FROZEN_RULES_CHANGED_REVALIDATION_REQUIRED,4b814b2c047eee0f17580c017ee45179704103fa313d50b01b53fc626407c7df
20260916T062512+0800-3a36a2e4,2.7.1,DEVELOPING,"AI_Server: independent_companies=3; breadth_basis=COMPANY_ONLY; trend=0.724; breadth=0.417; leader_states=['NEUTRAL', 'PULLBACK_LEADER', 'WEAKENING']",AI_Server,AI_SERVER_THERMAL_DENSITY,AI server thermal density / liquid cooling,3017,3017.TW,奇鋐,電腦及週邊設備業,thermal_management,STRONG,0.82,POSITIVE,NEEDS_SOURCE_BACKFILL,NEEDS_SOURCE_BACKFILL,,,,,,UNRESOLVED,PULLBACK,PERSISTENT,NOT_TRIGGERED,QQQ,BROAD_CORE,LOW,STOCK_ALPHA_ALLOWED,STOCK_BLOCKED_WEAK_EDGE,0.0569128277243742,0.4003188622145847,-0.059862341241398,0.0085615355092062,False,False,True,True,True,True,GATE_1_CAUSAL,WATCH_RESEARCH,DRIVER_NOT_ACTIVE_RESEARCH_VALIDATED;EDGE_PROVENANCE_NOT_SOURCE_BACKED,False,0.5731657779051988,2026-09-15,SHADOW,ALPHA_HUNTER_SHADOW_V1,False,NO_LIVE_ORDER,SHADOW_ONLY_NOT_APPROVED_FOR_LIVE_EXECUTION;FROZEN_RULES_CHANGED_REVALIDATION_REQUIRED,4b814b2c047eee0f17580c017ee45179704103fa313d50b01b53fc626407c7df
20260916T062512+0800-3a36a2e4,2.7.1,DEVELOPING,"AI_Server: independent_companies=3; breadth_basis=COMPANY_ONLY; trend=0.724; breadth=0.417; leader_states=['NEUTRAL', 'PULLBACK_LEADER', 'WEAKENING']",AI_Server,AI_SERVER_THERMAL_DENSITY,AI server thermal density / liquid cooling,8996,8996.TW,高力,電機機械,liquid_cooling_heat_exchange,STRONG,0.78,POSITIVE,NEEDS_SOURCE_BACKFILL,NEEDS_SOURCE_BACKFILL,,,,,,UNRESOLVED,PULLBACK,UNKNOWN,NOT_TRIGGERED,QQQ,BROAD_CORE,LOW,STOCK_ALPHA_ALLOWED,STOCK_BLOCKED_WEAK_EDGE,0.0163464196847367,-0.2102998795387538,-0.0136561007381676,0.0058628779242737,False,False,True,True,True,True,GATE_1_CAUSAL,WATCH_RESEARCH,DRIVER_NOT_ACTIVE_RESEARCH_VALIDATED;EDGE_PROVENANCE_NOT_SOURCE_BACKED,False,0.5713822916666668,2026-09-15,SHADOW,ALPHA_HUNTER_SHADOW_V1,False,NO_LIVE_ORDER,SHADOW_ONLY_NOT_APPROVED_FOR_LIVE_EXECUTION;FROZEN_RULES_CHANGED_REVALIDATION_REQUIRED,4b814b2c047eee0f17580c017ee45179704103fa313d50b01b53fc626407c7df
20260916T062512+0800-3a36a2e4,2.7.1,DEVELOPING,"AI_Server: independent_companies=3; breadth_basis=COMPANY_ONLY; trend=0.724; breadth=0.417; leader_states=['NEUTRAL', 'PULLBACK_LEADER', 'WEAKENING']",AI_Server,AI_SERVER_RACK_BUILD,AI rack / server system buildout,2376,2376.TW,技嘉,電腦及週邊設備業,server_systems,STRONG,0.82,POSITIVE,NEEDS_SOURCE_BACKFILL,SOURCE_BACKED,2026-09-06T01:21:00Z,2.0,GIGABYTE publicly markets rack-scale AI infrastructure/GIGAPOD and management reported 2026 AI business maintaining triple-digit growth with global server-capacity expansion; this supports a current economic edge to AI rack/system buildout.,"Product/platform exposure is clear, but customer concentration, accelerator allocation and mix/margin sensitivity still require monitoring.",https://www.gigabyte.com/tw/press/news/2368|https://money.udn.com/money/amp/story/5612/9505519,UNRESOLVED,UNKNOWN,UNKNOWN,NOT_TRIGGERED,QQQ,BROAD_CORE,LOW,STOCK_ALPHA_ALLOWED,STOCK_ALPHA_RESEARCH,-0.0392206309164541,0.0499505202573057,-0.0356237322515212,-0.010295599950178,False,True,True,True,True,False,GATE_1_CAUSAL,WATCH_RESEARCH,DRIVER_NOT_ACTIVE_RESEARCH_VALIDATED,False,0.5391657779051988,2026-09-15,SHADOW,ALPHA_HUNTER_SHADOW_V1,False,NO_LIVE_ORDER,SHADOW_ONLY_NOT_APPROVED_FOR_LIVE_EXECUTION;FROZEN_RULES_CHANGED_REVALIDATION_REQUIRED,4b814b2c047eee0f17580c017ee45179704103fa313d50b01b53fc626407c7df
20260916T062512+0800-3a36a2e4,2.7.1,DEVELOPING,"AI_Server: independent_companies=3; breadth_basis=COMPANY_ONLY; trend=0.724; breadth=0.417; leader_states=['NEUTRAL', 'PULLBACK_LEADER', 'WEAKENING']",AI_Server,AI_SERVER_SHIPMENTS,AI server shipment / ODM cycle,2317,2317.TW,鴻海,其他電子業,server_odm_and_manufacturing,STRONG,0.88,POSITIVE,NEEDS_SOURCE_BACKFILL,SOURCE_BACKED,2026-09-06T01:21:00Z,1.0,"Foxconn Q2 2026 results state sustained AI server rack volume growth, rising AI-rack market share, Vera Rubin rack mass production in Q3, high-double-digit Q3 rack shipment growth and full-year AI rack shipments expected to more than double.","AI products are high-value and complex; gross margin remains low at group level, so shipment growth does not guarantee proportional EPS sensitivity.",https://www.foxconn.com/en-us/press-center/press-releases/latest-news/2095,UNRESOLVED,BROKEN,UNKNOWN,NOT_TRIGGERED,QQQ,BROAD_CORE,LOW,STOCK_ALPHA_ALLOWED,STOCK_ALPHA_RESEARCH,-0.0256046817434888,-0.0339558747500922,-0.0173706755451228,-0.0067519168283025,False,True,True,True,False,False,GATE_1_CAUSAL,WATCH_RESEARCH,DRIVER_NOT_ACTIVE_RESEARCH_VALIDATED,False,0.5293822916666667,2026-09-15,SHADOW,ALPHA_HUNTER_SHADOW_V1,False,NO_LIVE_ORDER,SHADOW_ONLY_NOT_APPROVED_FOR_LIVE_EXECUTION;FROZEN_RULES_CHANGED_REVALIDATION_REQUIRED,4b814b2c047eee0f17580c017ee45179704103fa313d50b01b53fc626407c7df
20260916T062512+0800-3a36a2e4,2.7.1,DEVELOPING,Copper: independent_companies=2; breadth_basis=COMPANY_ONLY; trend=0.518; breadth=0.400; leader_states=['NEUTRAL'],Copper,COPPER_COMMODITY_TRADE_INVENTORY,Copper commodity price / trade-inventory cycle,1608,1608.TW,華榮,電器電纜,copper_wire_cable,STRONG,0.78,POSITIVE,NEEDS_SOURCE_BACKFILL,NEEDS_SOURCE_BACKFILL,,,,,,UNRESOLVED,UNKNOWN,PRE_CONFIRMATION,NOT_TRIGGERED,COPX,THEME_CORE,MEDIUM,STOCK_ALPHA_ALLOWED,STOCK_BLOCKED_WEAK_EDGE,-0.0097430548208518,0.1216604665329922,-0.0337538066645713,-0.0001432258761235,False,False,True,True,True,False,GATE_1_CAUSAL,WATCH_RESEARCH,DRIVER_NOT_ACTIVE_RESEARCH_VALIDATED;EDGE_PROVENANCE_NOT_SOURCE_BACKED,False,0.5185639705882353,2026-09-15,SHADOW,ALPHA_HUNTER_SHADOW_V1,False,NO_LIVE_ORDER,SHADOW_ONLY_NOT_APPROVED_FOR_LIVE_EXECUTION;FROZEN_RULES_CHANGED_REVALIDATION_REQUIRED,4b814b2c047eee0f17580c017ee45179704103fa313d50b01b53fc626407c7df
20260916T062512+0800-3a36a2e4,2.7.1,DEVELOPING,"AI_Server: independent_companies=3; breadth_basis=COMPANY_ONLY; trend=0.724; breadth=0.417; leader_states=['NEUTRAL', 'PULLBACK_LEADER', 'WEAKENING']",AI_Server,AI_SERVER_SHIPMENTS,AI server shipment / ODM cycle,2356,2356.TW,英業達,電腦及週邊設備業,server_odm,STRONG,0.82,POSITIVE,NEEDS_SOURCE_BACKFILL,NEEDS_SOURCE_BACKFILL,,,,,,UNRESOLVED,BROKEN,BROKEN,NOT_TRIGGERED,QQQ,BROAD_CORE,LOW,STOCK_ALPHA_ALLOWED,STOCK_BLOCKED_WEAK_EDGE,-0.0750769506436185,-0.0461135965424317,-0.0377383419783148,-0.174724995756323,False,False,True,True,False,False,GATE_1_CAUSAL,WATCH_RESEARCH,DRIVER_NOT_ACTIVE_RESEARCH_VALIDATED;EDGE_PROVENANCE_NOT_SOURCE_BACKED,False,0.4891657779051988,2026-09-15,SHADOW,ALPHA_HUNTER_SHADOW_V1,False,NO_LIVE_ORDER,SHADOW_ONLY_NOT_APPROVED_FOR_LIVE_EXECUTION;FROZEN_RULES_CHANGED_REVALIDATION_REQUIRED,4b814b2c047eee0f17580c017ee45179704103fa313d50b01b53fc626407c7df
20260916T062512+0800-3a36a2e4,2.7.1,DEVELOPING,Copper: independent_companies=2; breadth_basis=COMPANY_ONLY; trend=0.518; breadth=0.400; leader_states=['NEUTRAL'],Copper,COPPER_COMMODITY_TRADE_INVENTORY,Copper commodity price / trade-inventory cycle,1609,1609.TW,大亞,電器電纜,copper_wire_cable,STRONG,0.82,POSITIVE,NEEDS_SOURCE_BACKFILL,NEEDS_SOURCE_BACKFILL,,,,,,UNRESOLVED,BROKEN,BROKEN,NOT_TRIGGERED,COPX,THEME_CORE,MEDIUM,STOCK_ALPHA_ALLOWED,STOCK_BLOCKED_WEAK_EDGE,-0.0041198667818276,0.0087243882102274,-0.0123297123624765,0.0065617675747353,False,False,True,True,False,False,GATE_1_CAUSAL,WATCH_RESEARCH,DRIVER_NOT_ACTIVE_RESEARCH_VALIDATED;EDGE_PROVENANCE_NOT_SOURCE_BACKED,False,0.4821639705882352,2026-09-15,SHADOW,ALPHA_HUNTER_SHADOW_V1,False,NO_LIVE_ORDER,SHADOW_ONLY_NOT_APPROVED_FOR_LIVE_EXECUTION;FROZEN_RULES_CHANGED_REVALIDATION_REQUIRED,4b814b2c047eee0f17580c017ee45179704103fa313d50b01b53fc626407c7df
20260916T062512+0800-3a36a2e4,2.7.1,UNKNOWN,Insufficient scanner breadth coverage,Consumer_Tech,CONSUMER_ELECTRONICS_CYCLE,Consumer electronics demand cycle,4938,4938.TW,和碩,電腦及週邊設備業,electronics_manufacturing,SECOND_ORDER,0.62,POSITIVE,NEEDS_SOURCE_BACKFILL,NEEDS_SOURCE_BACKFILL,,,,,,UNRESOLVED,UNKNOWN,UNKNOWN,NOT_TRIGGERED,QQQ,BROAD_CORE,LOW,STOCK_ALPHA_ALLOWED,STOCK_BLOCKED_WEAK_EDGE,-0.001221972931235,0.10102840495887,-0.0296597870310949,-0.044147738369667,False,False,True,True,True,False,GATE_0_INTERNATIONAL_PRICE,WATCH_RESEARCH,DRIVER_NOT_ACTIVE_RESEARCH_VALIDATED;EDGE_PROVENANCE_NOT_SOURCE_BACKED;INTERNATIONAL_PRICE_UNKNOWN,False,0.4604678612385321,2026-09-15,SHADOW,ALPHA_HUNTER_SHADOW_V1,False,NO_LIVE_ORDER,SHADOW_ONLY_NOT_APPROVED_FOR_LIVE_EXECUTION;FROZEN_RULES_CHANGED_REVALIDATION_REQUIRED,4b814b2c047eee0f17580c017ee45179704103fa313d50b01b53fc626407c7df
20260916T062512+0800-3a36a2e4,2.7.1,UNKNOWN,Insufficient scanner breadth coverage,Consumer_Tech,CONSUMER_ELECTRONICS_CYCLE,Consumer electronics demand cycle,2317,2317.TW,鴻海,其他電子業,electronics_manufacturing,SECOND_ORDER,0.62,POSITIVE,NEEDS_SOURCE_BACKFILL,NEEDS_SOURCE_BACKFILL,,,,,,UNRESOLVED,BROKEN,UNKNOWN,NOT_TRIGGERED,QQQ,BROAD_CORE,LOW,STOCK_ALPHA_ALLOWED,STOCK_BLOCKED_WEAK_EDGE,-0.0256046817434888,-0.0339558747500922,-0.0173706755451228,-0.0067519168283025,False,False,True,True,False,False,GATE_0_INTERNATIONAL_PRICE,WATCH_RESEARCH,DRIVER_NOT_ACTIVE_RESEARCH_VALIDATED;EDGE_PROVENANCE_NOT_SOURCE_BACKED;INTERNATIONAL_PRICE_UNKNOWN,False,0.430284375,2026-09-15,SHADOW,ALPHA_HUNTER_SHADOW_V1,False,NO_LIVE_ORDER,SHADOW_ONLY_NOT_APPROVED_FOR_LIVE_EXECUTION;FROZEN_RULES_CHANGED_REVALIDATION_REQUIRED,4b814b2c047eee0f17580c017ee45179704103fa313d50b01b53fc626407c7df
20260916T062512+0800-3a36a2e4,2.7.1,DEVELOPING,Copper: independent_companies=2; breadth_basis=COMPANY_ONLY; trend=0.518; breadth=0.400; leader_states=['NEUTRAL'],Copper,COPPER_COMMODITY_TRADE_INVENTORY,Copper commodity price / trade-inventory cycle,1605,1605.TW,華新,電器電纜,copper_and_metals,SECOND_ORDER,0.64,POSITIVE,NEEDS_SOURCE_BACKFILL,NEEDS_SOURCE_BACKFILL,,,,,,UNRESOLVED,UNKNOWN,UNKNOWN,NOT_TRIGGERED,COPX,THEME_CORE,MEDIUM,STOCK_ALPHA_ALLOWED,STOCK_BLOCKED_WEAK_EDGE,-0.0390755246260964,-0.0383114905692328,-0.0408778518060628,-0.0273616622860105,False,False,True,True,True,False,GATE_1_CAUSAL,WATCH_RESEARCH,DRIVER_NOT_ACTIVE_RESEARCH_VALIDATED;EDGE_PROVENANCE_NOT_SOURCE_BACKED,False,0.4069639705882353,2026-09-15,SHADOW,ALPHA_HUNTER_SHADOW_V1,False,NO_LIVE_ORDER,SHADOW_ONLY_NOT_APPROVED_FOR_LIVE_EXECUTION;FROZEN_RULES_CHANGED_REVALIDATION_REQUIRED,4b814b2c047eee0f17580c017ee45179704103fa313d50b01b53fc626407c7df
20260916T062512+0800-3a36a2e4,2.7.1,DEVELOPING,"Biotech: independent_companies=20; breadth_basis=COMPANY_ONLY; trend=0.497; breadth=0.498; leader_states=['NEUTRAL', 'PERSISTENT', 'PULLBACK_LEADER', 'WEAKENING']",Biotech,BIOPHARMA_RISK_APPETITE,Biopharma risk appetite / clinical-commercial cycle,6446,6446.TW,藥華藥,生技醫療業,biopharma,SECOND_ORDER,0.55,POSITIVE,NEEDS_SOURCE_BACKFILL,NEEDS_SOURCE_BACKFILL,,,,,,UNRESOLVED,BROKEN,BROKEN,NOT_TRIGGERED,XBI,THEME_CORE,HIGH,ETF_CORE_PREFERRED,ETF_CORE_PREFERRED,-0.1561428544593837,0.259638799918361,-0.10752732587697,-0.1544301861319879,False,False,True,True,False,False,GATE_1_CAUSAL,WATCH_RESEARCH,DRIVER_NOT_ACTIVE_RESEARCH_VALIDATED;EDGE_PROVENANCE_NOT_SOURCE_BACKED,False,0.3928821202531646,2026-09-15,SHADOW,ALPHA_HUNTER_SHADOW_V1,False,NO_LIVE_ORDER,SHADOW_ONLY_NOT_APPROVED_FOR_LIVE_EXECUTION;FROZEN_RULES_CHANGED_REVALIDATION_REQUIRED,4b814b2c047eee0f17580c017ee45179704103fa313d50b01b53fc626407c7df
20260916T062512+0800-3a36a2e4,2.7.1,DEVELOPING,"Biotech: independent_companies=20; breadth_basis=COMPANY_ONLY; trend=0.497; breadth=0.498; leader_states=['NEUTRAL', 'PERSISTENT', 'PULLBACK_LEADER', 'WEAKENING']",Biotech,BIOPHARMA_RISK_APPETITE,Biopharma risk appetite / clinical-commercial cycle,6472,6472.TW,保瑞,生技醫療業,pharma_cdmo,SECOND_ORDER,0.55,POSITIVE,NEEDS_SOURCE_BACKFILL,NEEDS_SOURCE_BACKFILL,,,,,,UNRESOLVED,BROKEN,BROKEN,NOT_TRIGGERED,XBI,THEME_CORE,HIGH,ETF_CORE_PREFERRED,ETF_CORE_PREFERRED,-0.0301625625881343,-0.0064642545853146,-0.0076536689515676,0.0047009195116973,False,False,True,True,False,False,GATE_1_CAUSAL,WATCH_RESEARCH,DRIVER_NOT_ACTIVE_RESEARCH_VALIDATED;EDGE_PROVENANCE_NOT_SOURCE_BACKED,False,0.3928821202531646,2026-09-15,SHADOW,ALPHA_HUNTER_SHADOW_V1,False,NO_LIVE_ORDER,SHADOW_ONLY_NOT_APPROVED_FOR_LIVE_EXECUTION;FROZEN_RULES_CHANGED_REVALIDATION_REQUIRED,4b814b2c047eee0f17580c017ee45179704103fa313d50b01b53fc626407c7df
