contract,strategy_version,ticker,name,global_theme,driver_id,global_alignment_score,score_is_probability,reaction_state,entry_style,current_action,current_price,price_as_of_utc,signal_as_of_utc,price_basis,currency,instrument_type,is_closed_bar,atr14,atr_pct,ma20,ma60,rs20,rs60,keynes_v2,avg_turnover20_twd,volume_ratio20_prior_median,global_confirmation,entry_structure_valid,entry_executable,entry_status,trigger_price,buy_zone_low,buy_zone_high,invalidation_price,reference_pivot,base_start,base_end,base_high,base_low,support_zone,recovery_trigger,close_confirmation_required,blockers,why_now,why_not_now,deployment_mode,auto_trade_allowed,entry_driver_matches_alignment_driver,risk_v2_pass,risk_v2_blockers,buy_now_blocker
ALPHA_HUNTER_ENTRY_STRUCTURE_V2,ALPHA_HUNTER_ADVISORY_V2,3029.TW,零壹,Cybersecurity,ENTERPRISE_CYBER_SPEND,0.7796,False,PERSISTENT,CONTINUATION_BASE,PREPARE,118.5,2026-09-15T00:00:00,2026-09-15T22:29:16.450753+00:00,RAW_TRADEABLE_OHLC,TWD,TAIWAN_COMMON_STOCK,True,3.7142857142857144,0.03134418324291742,112.25,106.82000007629499,0.063812454974212,0.1607538119443455,0.4377742889959626,271106771.85,9.285115662675024,"{'status': 'FAIL', 'driver_id': 'ENTERPRISE_CYBER_SPEND', 'basket': 'Cybersecurity', 'breadth_n': 11, 'breadth_eligible': True, 'global_trend_score': 0.9363, 'international_breadth_score': 0.9136, 'score_is_probability': False}",False,False,WATCHLIST,,,,,,,,,,,,True,CAUSAL_DRIVER_NOT_ACTIVE;COMPANY_EDGE_NOT_SOURCE_BACKED;GLOBAL_ALIGNMENT_NOT_ELIGIBLE,,CAUSAL_DRIVER_NOT_ACTIVE;COMPANY_EDGE_NOT_SOURCE_BACKED;GLOBAL_ALIGNMENT_NOT_ELIGIBLE,SHADOW_ADVISORY_ONLY,False,True,False,ENTRY_STRUCTURE_OR_LIQUIDITY_UNAVAILABLE,LIVE_EXECUTABLE_QUOTE_REQUIRED
ALPHA_HUNTER_ENTRY_STRUCTURE_V2,ALPHA_HUNTER_ADVISORY_V2,2615.TW,萬海,Shipping,CONTAINER_FREIGHT,0.7793,False,PULLBACK,PULLBACK_RECOVERY,PREPARE,112.0,2026-09-15T00:00:00,2026-09-15T22:29:16.468068+00:00,RAW_TRADEABLE_OHLC,TWD,TAIWAN_COMMON_STOCK,True,6.5,0.05803571428571429,114.825,94.00999984741,0.1344236843265878,0.4712804235565447,0.0431077953888974,4558563132.5,0.253946077974751,"{'status': 'FAIL', 'driver_id': 'CONTAINER_FREIGHT', 'basket': 'Shipping', 'breadth_n': 11, 'breadth_eligible': True, 'global_trend_score': 0.8861, 'international_breadth_score': 0.8364, 'score_is_probability': False}",False,False,WATCHLIST,,,,,,,,,,,,True,CAUSAL_DRIVER_NOT_ACTIVE;GLOBAL_ALIGNMENT_NOT_ELIGIBLE,,CAUSAL_DRIVER_NOT_ACTIVE;GLOBAL_ALIGNMENT_NOT_ELIGIBLE,SHADOW_ADVISORY_ONLY,False,True,False,ENTRY_STRUCTURE_OR_LIQUIDITY_UNAVAILABLE,LIVE_EXECUTABLE_QUOTE_REQUIRED
ALPHA_HUNTER_ENTRY_STRUCTURE_V2,ALPHA_HUNTER_ADVISORY_V2,2637.TW,慧洋-KY,Shipping,DRY_BULK_FREIGHT,0.7786,False,PULLBACK,PULLBACK_RECOVERY,PREPARE,96.9000015259,2026-09-15T00:00:00,2026-09-15T22:29:16.484662+00:00,RAW_TRADEABLE_OHLC,TWD,TAIWAN_COMMON_STOCK,True,4.678570883607142,0.04828246449879184,97.089999771115,86.51999994913668,0.1608050545648276,0.317880095711088,0.115808415129867,819777024.2319065,0.6980574078711271,"{'status': 'FAIL', 'driver_id': 'DRY_BULK_FREIGHT', 'basket': 'Shipping', 'breadth_n': 11, 'breadth_eligible': True, 'global_trend_score': 0.8861, 'international_breadth_score': 0.8364, 'score_is_probability': False}",False,False,WATCHLIST,,,,,,,,,,,,True,CAUSAL_DRIVER_NOT_ACTIVE;GLOBAL_ALIGNMENT_NOT_ELIGIBLE,,CAUSAL_DRIVER_NOT_ACTIVE;GLOBAL_ALIGNMENT_NOT_ELIGIBLE,SHADOW_ADVISORY_ONLY,False,True,False,ENTRY_STRUCTURE_OR_LIQUIDITY_UNAVAILABLE,LIVE_EXECUTABLE_QUOTE_REQUIRED
ALPHA_HUNTER_ENTRY_STRUCTURE_V2,ALPHA_HUNTER_ADVISORY_V2,6140.TWO,訊達,Cybersecurity,ENTERPRISE_CYBER_SPEND,0.7731,False,CONFIRMING,FRESH_BREAKOUT,AVOID,20.0499992371,2026-09-15T00:00:00,2026-09-15T22:29:16.501262+00:00,RAW_TRADEABLE_OHLC,TWD,TAIWAN_COMMON_STOCK,True,0.4285717010285716,0.021375147996791622,16.997500038155003,17.779166587203335,0.1059461203955485,-0.1200460349424858,0.7016326705671716,1537093.107991558,5.357333486618984,"{'status': 'FAIL', 'driver_id': 'ENTERPRISE_CYBER_SPEND', 'basket': 'Cybersecurity', 'breadth_n': 11, 'breadth_eligible': True, 'global_trend_score': 0.9363, 'international_breadth_score': 0.9136, 'score_is_probability': False}",False,False,WATCHLIST,,,,,,,,,,,,True,CAUSAL_DRIVER_NOT_ACTIVE;COMPANY_EDGE_NOT_SOURCE_BACKED;GLOBAL_ALIGNMENT_NOT_ELIGIBLE,,CAUSAL_DRIVER_NOT_ACTIVE;COMPANY_EDGE_NOT_SOURCE_BACKED;GLOBAL_ALIGNMENT_NOT_ELIGIBLE,SHADOW_ADVISORY_ONLY,False,True,False,ENTRY_STRUCTURE_OR_LIQUIDITY_UNAVAILABLE,LIVE_EXECUTABLE_QUOTE_REQUIRED
ALPHA_HUNTER_ENTRY_STRUCTURE_V2,ALPHA_HUNTER_ADVISORY_V2,2617.TW,台航,Shipping,DRY_BULK_FREIGHT,0.7714,False,PERSISTENT,CONTINUATION_BASE,PREPARE,32.4000015259,2026-09-15T00:00:00,2026-09-15T22:29:16.517882+00:00,RAW_TRADEABLE_OHLC,TWD,TAIWAN_COMMON_STOCK,True,1.0964288711571428,0.03384039566420009,31.96000032425,30.20166683196667,0.1356243048438972,0.1784470360065414,0.2492341246797613,93451158.01924919,0.4690418620872953,"{'status': 'FAIL', 'driver_id': 'DRY_BULK_FREIGHT', 'basket': 'Shipping', 'breadth_n': 11, 'breadth_eligible': True, 'global_trend_score': 0.8861, 'international_breadth_score': 0.8364, 'score_is_probability': False}",False,False,WATCHLIST,,,,,,,,,,,,True,CAUSAL_DRIVER_NOT_ACTIVE;GLOBAL_ALIGNMENT_NOT_ELIGIBLE,,CAUSAL_DRIVER_NOT_ACTIVE;GLOBAL_ALIGNMENT_NOT_ELIGIBLE,SHADOW_ADVISORY_ONLY,False,True,False,ENTRY_STRUCTURE_OR_LIQUIDITY_UNAVAILABLE,LIVE_EXECUTABLE_QUOTE_REQUIRED
ALPHA_HUNTER_ENTRY_STRUCTURE_V2,ALPHA_HUNTER_ADVISORY_V2,2609.TW,陽明,Shipping,CONTAINER_FREIGHT,0.7527,False,CONFIRMING,FRESH_BREAKOUT,AVOID,58.7999992371,2026-09-15T00:00:00,2026-09-15T22:29:16.534376+00:00,RAW_TRADEABLE_OHLC,TWD,TAIWAN_COMMON_STOCK,True,2.507143020628571,0.04263848729859648,59.154999732975,53.824999872839996,0.0839805492519749,0.2169802605526699,0.0281002231847373,5118314573.693687,0.40061129698621456,"{'status': 'FAIL', 'driver_id': 'CONTAINER_FREIGHT', 'basket': 'Shipping', 'breadth_n': 11, 'breadth_eligible': True, 'global_trend_score': 0.8861, 'international_breadth_score': 0.8364, 'score_is_probability': False}",False,False,WATCHLIST,,,,,,,,,,,,True,CAUSAL_DRIVER_NOT_ACTIVE;GLOBAL_ALIGNMENT_NOT_ELIGIBLE,,CAUSAL_DRIVER_NOT_ACTIVE;GLOBAL_ALIGNMENT_NOT_ELIGIBLE,SHADOW_ADVISORY_ONLY,False,True,False,ENTRY_STRUCTURE_OR_LIQUIDITY_UNAVAILABLE,LIVE_EXECUTABLE_QUOTE_REQUIRED
ALPHA_HUNTER_ENTRY_STRUCTURE_V2,ALPHA_HUNTER_ADVISORY_V2,2606.TW,裕民,Shipping,DRY_BULK_FREIGHT,0.7294,False,PULLBACK,PULLBACK_RECOVERY,PREPARE,74.5999984741,2026-09-15T00:00:00,2026-09-15T22:29:16.551034+00:00,RAW_TRADEABLE_OHLC,TWD,TAIWAN_COMMON_STOCK,True,3.714285714285713,0.049789353756826915,75.27499923705,67.27333310444834,0.1155515984271753,0.2519949013346426,0.0824939296605905,805251922.1168435,0.634546190530206,"{'status': 'FAIL', 'driver_id': 'DRY_BULK_FREIGHT', 'basket': 'Shipping', 'breadth_n': 11, 'breadth_eligible': True, 'global_trend_score': 0.8861, 'international_breadth_score': 0.8364, 'score_is_probability': False}",False,False,WATCHLIST,,,,,,,,,,,,True,CAUSAL_DRIVER_NOT_ACTIVE;GLOBAL_ALIGNMENT_NOT_ELIGIBLE,,CAUSAL_DRIVER_NOT_ACTIVE;GLOBAL_ALIGNMENT_NOT_ELIGIBLE,SHADOW_ADVISORY_ONLY,False,True,False,ENTRY_STRUCTURE_OR_LIQUIDITY_UNAVAILABLE,LIVE_EXECUTABLE_QUOTE_REQUIRED
ALPHA_HUNTER_ENTRY_STRUCTURE_V2,ALPHA_HUNTER_ADVISORY_V2,2603.TW,長榮,Shipping,CONTAINER_FREIGHT,0.686,False,CONFIRMING,FRESH_BREAKOUT,AVOID,233.5,2026-09-15T00:00:00,2026-09-15T22:29:16.567540+00:00,RAW_TRADEABLE_OHLC,TWD,TAIWAN_COMMON_STOCK,True,7.464285714285714,0.03196696237381462,236.975,213.11666666666667,0.0236436136869944,0.2409498353242173,-0.0115283934916306,3589344882.5,0.5458635309012652,"{'status': 'FAIL', 'driver_id': 'CONTAINER_FREIGHT', 'basket': 'Shipping', 'breadth_n': 11, 'breadth_eligible': True, 'global_trend_score': 0.8861, 'international_breadth_score': 0.8364, 'score_is_probability': False}",False,False,WATCHLIST,,,,,,,,,,,,True,CAUSAL_DRIVER_NOT_ACTIVE;GLOBAL_ALIGNMENT_NOT_ELIGIBLE,,CAUSAL_DRIVER_NOT_ACTIVE;GLOBAL_ALIGNMENT_NOT_ELIGIBLE,SHADOW_ADVISORY_ONLY,False,True,False,ENTRY_STRUCTURE_OR_LIQUIDITY_UNAVAILABLE,LIVE_EXECUTABLE_QUOTE_REQUIRED
ALPHA_HUNTER_ENTRY_STRUCTURE_V2,ALPHA_HUNTER_ADVISORY_V2,2605.TW,新興,Shipping,DRY_BULK_FREIGHT,0.6648,False,PULLBACK,PULLBACK_RECOVERY,PREPARE,35.0499992371,2026-09-15T00:00:00,2026-09-15T22:29:16.584062+00:00,RAW_TRADEABLE_OHLC,TWD,TAIWAN_COMMON_STOCK,True,1.374999727499998,0.03922966497655662,35.93999977112,32.80166654587,0.0986697042822766,0.2194501150572624,-0.0004756434165205,710472795.6356255,0.6130755087714289,"{'status': 'FAIL', 'driver_id': 'DRY_BULK_FREIGHT', 'basket': 'Shipping', 'breadth_n': 11, 'breadth_eligible': True, 'global_trend_score': 0.8861, 'international_breadth_score': 0.8364, 'score_is_probability': False}",False,False,WATCHLIST,,,,,,,,,,,,True,CAUSAL_DRIVER_NOT_ACTIVE;GLOBAL_ALIGNMENT_NOT_ELIGIBLE,,CAUSAL_DRIVER_NOT_ACTIVE;GLOBAL_ALIGNMENT_NOT_ELIGIBLE,SHADOW_ADVISORY_ONLY,False,True,False,ENTRY_STRUCTURE_OR_LIQUIDITY_UNAVAILABLE,LIVE_EXECUTABLE_QUOTE_REQUIRED
ALPHA_HUNTER_ENTRY_STRUCTURE_V2,ALPHA_HUNTER_ADVISORY_V2,3693.TWO,營邦,AI_Server,AI_SERVER_RACK_BUILD,0.6501,False,PERSISTENT,CONTINUATION_BASE,PREPARE,666.0,2026-09-15T00:00:00,2026-09-15T22:29:16.600753+00:00,RAW_TRADEABLE_OHLC,TWD,TAIWAN_COMMON_STOCK,True,40.142857142857146,0.06027456027456028,613.3,533.5333333333333,0.3294927395749685,0.4090581513317205,1.016805223766765,1057720893.55,1.1218261835084264,"{'status': 'FAIL', 'driver_id': 'AI_SERVER_RACK_BUILD', 'basket': 'AI_Server', 'breadth_n': 3, 'breadth_eligible': True, 'global_trend_score': 0.7241, 'international_breadth_score': 0.4167, 'score_is_probability': False}",False,False,WATCHLIST,,,,,,,,,,,,True,CAUSAL_DRIVER_NOT_ACTIVE;COMPANY_EDGE_NOT_SOURCE_BACKED;GLOBAL_ALIGNMENT_NOT_ELIGIBLE,,CAUSAL_DRIVER_NOT_ACTIVE;COMPANY_EDGE_NOT_SOURCE_BACKED;GLOBAL_ALIGNMENT_NOT_ELIGIBLE,SHADOW_ADVISORY_ONLY,False,True,False,ENTRY_STRUCTURE_OR_LIQUIDITY_UNAVAILABLE,LIVE_EXECUTABLE_QUOTE_REQUIRED
ALPHA_HUNTER_ENTRY_STRUCTURE_V2,ALPHA_HUNTER_ADVISORY_V2,3324.TWO,雙鴻,AI_Server,AI_SERVER_THERMAL_DENSITY,0.5952,False,PERSISTENT,CONTINUATION_BASE,PREPARE,1260.0,2026-09-15T00:00:00,2026-09-15T22:29:16.617314+00:00,RAW_TRADEABLE_OHLC,TWD,TAIWAN_COMMON_STOCK,True,98.92857142857143,0.07851473922902495,1236.55,1051.0333333333333,0.2983929770215097,0.2325967289371174,0.2826397463425134,4316102447.6,1.9975509265533726,"{'status': 'FAIL', 'driver_id': 'AI_SERVER_THERMAL_DENSITY', 'basket': 'AI_Server', 'breadth_n': 3, 'breadth_eligible': True, 'global_trend_score': 0.7241, 'international_breadth_score': 0.4167, 'score_is_probability': False}",False,False,WATCHLIST,,,,,,,,,,,,True,CAUSAL_DRIVER_NOT_ACTIVE;COMPANY_EDGE_NOT_SOURCE_BACKED;GLOBAL_ALIGNMENT_NOT_ELIGIBLE,,CAUSAL_DRIVER_NOT_ACTIVE;COMPANY_EDGE_NOT_SOURCE_BACKED;GLOBAL_ALIGNMENT_NOT_ELIGIBLE,SHADOW_ADVISORY_ONLY,False,True,False,ENTRY_STRUCTURE_OR_LIQUIDITY_UNAVAILABLE,LIVE_EXECUTABLE_QUOTE_REQUIRED
ALPHA_HUNTER_ENTRY_STRUCTURE_V2,ALPHA_HUNTER_ADVISORY_V2,6669.TW,緯穎,AI_Server,AI_SERVER_SHIPMENTS,0.5934,False,PULLBACK,PULLBACK_RECOVERY,PREPARE,2315.0,2026-09-15T00:00:00,2026-09-15T22:29:16.633914+00:00,RAW_TRADEABLE_OHLC,TWD,TAIWAN_COMMON_STOCK,True,144.96627371652144,0.06262042061188831,2331.895324707025,1978.9120829264318,0.0226866517242338,0.3710683835966716,0.0647605302360453,9305878010.799942,0.7115574495041312,"{'status': 'FAIL', 'driver_id': 'AI_SERVER_SHIPMENTS', 'basket': 'AI_Server', 'breadth_n': 3, 'breadth_eligible': True, 'global_trend_score': 0.7241, 'international_breadth_score': 0.4167, 'score_is_probability': False}",False,False,WATCHLIST,,,,,,,,,,,,True,CAUSAL_DRIVER_NOT_ACTIVE;GLOBAL_ALIGNMENT_NOT_ELIGIBLE,,CAUSAL_DRIVER_NOT_ACTIVE;GLOBAL_ALIGNMENT_NOT_ELIGIBLE,SHADOW_ADVISORY_ONLY,False,True,False,ENTRY_STRUCTURE_OR_LIQUIDITY_UNAVAILABLE,LIVE_EXECUTABLE_QUOTE_REQUIRED
ALPHA_HUNTER_ENTRY_STRUCTURE_V2,ALPHA_HUNTER_ADVISORY_V2,3017.TW,奇鋐,AI_Server,AI_SERVER_THERMAL_DENSITY,0.5352,False,PULLBACK,PULLBACK_RECOVERY,PREPARE,3115.0,2026-09-15T00:00:00,2026-09-15T22:29:16.650522+00:00,RAW_TRADEABLE_OHLC,TWD,TAIWAN_COMMON_STOCK,True,190.0,0.060995184590690206,3248.0,2760.6666666666665,0.0569128277243742,0.4003188622145847,0.0085615355092062,10574669047.25,0.9747212747096292,"{'status': 'FAIL', 'driver_id': 'AI_SERVER_THERMAL_DENSITY', 'basket': 'AI_Server', 'breadth_n': 3, 'breadth_eligible': True, 'global_trend_score': 0.7241, 'international_breadth_score': 0.4167, 'score_is_probability': False}",False,False,WATCHLIST,,,,,,,,,,,,True,CAUSAL_DRIVER_NOT_ACTIVE;COMPANY_EDGE_NOT_SOURCE_BACKED;GLOBAL_ALIGNMENT_NOT_ELIGIBLE,,CAUSAL_DRIVER_NOT_ACTIVE;COMPANY_EDGE_NOT_SOURCE_BACKED;GLOBAL_ALIGNMENT_NOT_ELIGIBLE,SHADOW_ADVISORY_ONLY,False,True,False,ENTRY_STRUCTURE_OR_LIQUIDITY_UNAVAILABLE,LIVE_EXECUTABLE_QUOTE_REQUIRED
ALPHA_HUNTER_ENTRY_STRUCTURE_V2,ALPHA_HUNTER_ADVISORY_V2,2317.TW,鴻海,Consumer_Tech,CONSUMER_ELECTRONICS_CYCLE,0.5274,False,BROKEN,NONE,AVOID,246.5,2026-09-15T00:00:00,2026-09-15T22:29:16.666988+00:00,RAW_TRADEABLE_OHLC,TWD,TAIWAN_COMMON_STOCK,True,6.178571428571429,0.02506519849319038,249.45,248.56666666666666,-0.0256046817434888,-0.0339558747500922,-0.0067519168283025,7437909776.2,0.5140550423988429,"{'status': 'FAIL', 'driver_id': 'CONSUMER_ELECTRONICS_CYCLE', 'basket': 'Consumer_Tech', 'breadth_n': 2, 'breadth_eligible': False, 'global_trend_score': 0.7535, 'international_breadth_score': 0.825, 'score_is_probability': False}",False,False,WATCHLIST,,,,,,,,,,,,True,CAUSAL_DRIVER_NOT_ACTIVE;COMPANY_EDGE_NOT_SOURCE_BACKED;GLOBAL_ALIGNMENT_NOT_ELIGIBLE;PRICE_STRUCTURE_BROKEN;NO_ENTRY_STYLE_FOR_CURRENT_REACTION,,CAUSAL_DRIVER_NOT_ACTIVE;COMPANY_EDGE_NOT_SOURCE_BACKED;GLOBAL_ALIGNMENT_NOT_ELIGIBLE;PRICE_STRUCTURE_BROKEN;NO_ENTRY_STYLE_FOR_CURRENT_REACTION,SHADOW_ADVISORY_ONLY,False,True,False,ENTRY_STRUCTURE_OR_LIQUIDITY_UNAVAILABLE,LIVE_EXECUTABLE_QUOTE_REQUIRED
ALPHA_HUNTER_ENTRY_STRUCTURE_V2,ALPHA_HUNTER_ADVISORY_V2,4938.TW,和碩,Consumer_Tech,CONSUMER_ELECTRONICS_CYCLE,0.5257,False,UNKNOWN,NONE,PREPARE,88.3000030518,2026-09-15T00:00:00,2026-09-15T22:29:16.682032+00:00,RAW_TRADEABLE_OHLC,TWD,TAIWAN_COMMON_STOCK,True,2.457143511099999,0.02782721886950048,90.475,87.08999989827333,-0.001221972931235,0.10102840495887,-0.044147738369667,774296784.5446551,1.0203889405567965,"{'status': 'FAIL', 'driver_id': 'CONSUMER_ELECTRONICS_CYCLE', 'basket': 'Consumer_Tech', 'breadth_n': 2, 'breadth_eligible': False, 'global_trend_score': 0.7535, 'international_breadth_score': 0.825, 'score_is_probability': False}",False,False,WATCHLIST,,,,,,,,,,,,True,CAUSAL_DRIVER_NOT_ACTIVE;COMPANY_EDGE_NOT_SOURCE_BACKED;GLOBAL_ALIGNMENT_NOT_ELIGIBLE;NO_ENTRY_STYLE_FOR_CURRENT_REACTION,,CAUSAL_DRIVER_NOT_ACTIVE;COMPANY_EDGE_NOT_SOURCE_BACKED;GLOBAL_ALIGNMENT_NOT_ELIGIBLE;NO_ENTRY_STYLE_FOR_CURRENT_REACTION,SHADOW_ADVISORY_ONLY,False,True,False,ENTRY_STRUCTURE_OR_LIQUIDITY_UNAVAILABLE,LIVE_EXECUTABLE_QUOTE_REQUIRED
ALPHA_HUNTER_ENTRY_STRUCTURE_V2,ALPHA_HUNTER_ADVISORY_V2,2382.TW,廣達,AI_Server,AI_SERVER_SHIPMENTS,0.5126,False,BROKEN,NONE,AVOID,333.0,2026-09-15T00:00:00,2026-09-15T22:29:16.696740+00:00,RAW_TRADEABLE_OHLC,TWD,TAIWAN_COMMON_STOCK,True,10.214285714285714,0.03067353067353067,334.225,337.44166666666666,-0.0031129864146826,-0.0649672296065845,0.011993939495368,4407101469.725,0.6685578272271215,"{'status': 'FAIL', 'driver_id': 'AI_SERVER_SHIPMENTS', 'basket': 'AI_Server', 'breadth_n': 3, 'breadth_eligible': True, 'global_trend_score': 0.7241, 'international_breadth_score': 0.4167, 'score_is_probability': False}",False,False,WATCHLIST,,,,,,,,,,,,True,CAUSAL_DRIVER_NOT_ACTIVE;COMPANY_EDGE_NOT_SOURCE_BACKED;GLOBAL_ALIGNMENT_NOT_ELIGIBLE;PRICE_STRUCTURE_BROKEN;NO_ENTRY_STYLE_FOR_CURRENT_REACTION,,CAUSAL_DRIVER_NOT_ACTIVE;COMPANY_EDGE_NOT_SOURCE_BACKED;GLOBAL_ALIGNMENT_NOT_ELIGIBLE;PRICE_STRUCTURE_BROKEN;NO_ENTRY_STYLE_FOR_CURRENT_REACTION,SHADOW_ADVISORY_ONLY,False,True,False,ENTRY_STRUCTURE_OR_LIQUIDITY_UNAVAILABLE,LIVE_EXECUTABLE_QUOTE_REQUIRED
ALPHA_HUNTER_ENTRY_STRUCTURE_V2,ALPHA_HUNTER_ADVISORY_V2,3231.TW,緯創,AI_Server,AI_SERVER_SHIPMENTS,0.5085,False,UNKNOWN,NONE,PREPARE,182.5,2026-09-15T00:00:00,2026-09-15T22:29:16.711598+00:00,RAW_TRADEABLE_OHLC,TWD,TAIWAN_COMMON_STOCK,True,8.214285714285714,0.04500978473581213,183.475,172.35,-0.0322000471623836,0.1748124037115849,0.0019850159749852,9458815630.35,0.5170243344115109,"{'status': 'FAIL', 'driver_id': 'AI_SERVER_SHIPMENTS', 'basket': 'AI_Server', 'breadth_n': 3, 'breadth_eligible': True, 'global_trend_score': 0.7241, 'international_breadth_score': 0.4167, 'score_is_probability': False}",False,False,WATCHLIST,,,,,,,,,,,,True,CAUSAL_DRIVER_NOT_ACTIVE;GLOBAL_ALIGNMENT_NOT_ELIGIBLE;NO_ENTRY_STYLE_FOR_CURRENT_REACTION,,CAUSAL_DRIVER_NOT_ACTIVE;GLOBAL_ALIGNMENT_NOT_ELIGIBLE;NO_ENTRY_STYLE_FOR_CURRENT_REACTION,SHADOW_ADVISORY_ONLY,False,True,False,ENTRY_STRUCTURE_OR_LIQUIDITY_UNAVAILABLE,LIVE_EXECUTABLE_QUOTE_REQUIRED
ALPHA_HUNTER_ENTRY_STRUCTURE_V2,ALPHA_HUNTER_ADVISORY_V2,2886.TW,兆豐金,Financials,FINANCIALS_RATE_CREDIT_CYCLE,0.5072,False,PERSISTENT,CONTINUATION_BASE,PREPARE,51.7999992371,2026-09-15T00:00:00,2026-09-15T22:29:16.726421+00:00,RAW_TRADEABLE_OHLC,TWD,TAIWAN_COMMON_STOCK,True,1.342857633321429,0.025923892916964612,48.91000003815,48.30750007629167,0.1264949932849348,0.2098248109813648,0.5404017412124581,1369105281.0714872,0.7667740246152164,"{'status': 'FAIL', 'driver_id': 'FINANCIALS_RATE_CREDIT_CYCLE', 'basket': 'Financials', 'breadth_n': 4, 'breadth_eligible': True, 'global_trend_score': 0.3036, 'international_breadth_score': 0.4, 'score_is_probability': False}",False,False,WATCHLIST,,,,,,,,,,,,True,CAUSAL_DRIVER_NOT_ACTIVE;COMPANY_EDGE_NOT_SOURCE_BACKED;GLOBAL_ALIGNMENT_NOT_ELIGIBLE,,CAUSAL_DRIVER_NOT_ACTIVE;COMPANY_EDGE_NOT_SOURCE_BACKED;GLOBAL_ALIGNMENT_NOT_ELIGIBLE,SHADOW_ADVISORY_ONLY,False,True,False,ENTRY_STRUCTURE_OR_LIQUIDITY_UNAVAILABLE,LIVE_EXECUTABLE_QUOTE_REQUIRED
ALPHA_HUNTER_ENTRY_STRUCTURE_V2,ALPHA_HUNTER_ADVISORY_V2,2881.TW,富邦金,Financials,FINANCIALS_RATE_CREDIT_CYCLE,0.5019,False,PERSISTENT,CONTINUATION_BASE,PREPARE,151.0,2026-09-15T00:00:00,2026-09-15T22:29:16.742890+00:00,RAW_TRADEABLE_OHLC,TWD,TAIWAN_COMMON_STOCK,True,4.5,0.029801324503311258,143.275,132.33333333333334,0.226977147801078,0.1667789176671571,0.6556862886572175,2864012746.4,0.8410453933269998,"{'status': 'FAIL', 'driver_id': 'FINANCIALS_RATE_CREDIT_CYCLE', 'basket': 'Financials', 'breadth_n': 4, 'breadth_eligible': True, 'global_trend_score': 0.3036, 'international_breadth_score': 0.4, 'score_is_probability': False}",False,False,WATCHLIST,,,,,,,,,,,,True,CAUSAL_DRIVER_NOT_ACTIVE;COMPANY_EDGE_NOT_SOURCE_BACKED;GLOBAL_ALIGNMENT_NOT_ELIGIBLE,,CAUSAL_DRIVER_NOT_ACTIVE;COMPANY_EDGE_NOT_SOURCE_BACKED;GLOBAL_ALIGNMENT_NOT_ELIGIBLE,SHADOW_ADVISORY_ONLY,False,True,False,ENTRY_STRUCTURE_OR_LIQUIDITY_UNAVAILABLE,LIVE_EXECUTABLE_QUOTE_REQUIRED
ALPHA_HUNTER_ENTRY_STRUCTURE_V2,ALPHA_HUNTER_ADVISORY_V2,6230.TW,尼得科超眾,AI_Server,AI_SERVER_THERMAL_DENSITY,0.4904,False,CONFIRMING,FRESH_BREAKOUT,AVOID,109.0,2026-09-15T00:00:00,2026-09-15T22:29:16.759406+00:00,RAW_TRADEABLE_OHLC,TWD,TAIWAN_COMMON_STOCK,True,3.9285714285714284,0.03604193971166448,108.8,113.83333333333333,0.0400640857635139,-0.1077841562683136,0.0012244604429501,6914870.35,11.658348240906381,"{'status': 'FAIL', 'driver_id': 'AI_SERVER_THERMAL_DENSITY', 'basket': 'AI_Server', 'breadth_n': 3, 'breadth_eligible': True, 'global_trend_score': 0.7241, 'international_breadth_score': 0.4167, 'score_is_probability': False}",False,False,WATCHLIST,,,,,,,,,,,,True,CAUSAL_DRIVER_NOT_ACTIVE;COMPANY_EDGE_NOT_SOURCE_BACKED;GLOBAL_ALIGNMENT_NOT_ELIGIBLE,,CAUSAL_DRIVER_NOT_ACTIVE;COMPANY_EDGE_NOT_SOURCE_BACKED;GLOBAL_ALIGNMENT_NOT_ELIGIBLE,SHADOW_ADVISORY_ONLY,False,True,False,ENTRY_STRUCTURE_OR_LIQUIDITY_UNAVAILABLE,LIVE_EXECUTABLE_QUOTE_REQUIRED
ALPHA_HUNTER_ENTRY_STRUCTURE_V2,ALPHA_HUNTER_ADVISORY_V2,8996.TW,高力,AI_Server,AI_SERVER_THERMAL_DENSITY,0.4776,False,PULLBACK,PULLBACK_RECOVERY,PREPARE,1220.0,2026-09-15T00:00:00,2026-09-15T22:29:16.775881+00:00,RAW_TRADEABLE_OHLC,TWD,TAIWAN_COMMON_STOCK,True,109.64285714285714,0.0898711943793911,1224.25,1189.6166666666666,0.0163464196847367,-0.2102998795387538,0.0058628779242737,5158271582.25,0.20927780329466306,"{'status': 'FAIL', 'driver_id': 'AI_SERVER_THERMAL_DENSITY', 'basket': 'AI_Server', 'breadth_n': 3, 'breadth_eligible': True, 'global_trend_score': 0.7241, 'international_breadth_score': 0.4167, 'score_is_probability': False}",False,False,WATCHLIST,,,,,,,,,,,,True,CAUSAL_DRIVER_NOT_ACTIVE;COMPANY_EDGE_NOT_SOURCE_BACKED;GLOBAL_ALIGNMENT_NOT_ELIGIBLE;ESTABLISHED_RS60_NOT_PRESENT,,CAUSAL_DRIVER_NOT_ACTIVE;COMPANY_EDGE_NOT_SOURCE_BACKED;GLOBAL_ALIGNMENT_NOT_ELIGIBLE;ESTABLISHED_RS60_NOT_PRESENT,SHADOW_ADVISORY_ONLY,False,True,False,ENTRY_STRUCTURE_OR_LIQUIDITY_UNAVAILABLE,LIVE_EXECUTABLE_QUOTE_REQUIRED
ALPHA_HUNTER_ENTRY_STRUCTURE_V2,ALPHA_HUNTER_ADVISORY_V2,2376.TW,技嘉,AI_Server,AI_SERVER_RACK_BUILD,0.4461,False,UNKNOWN,NONE,PREPARE,343.0,2026-09-15T00:00:00,2026-09-15T22:29:16.792440+00:00,RAW_TRADEABLE_OHLC,TWD,TAIWAN_COMMON_STOCK,True,10.392857142857142,0.03029987505206164,350.725,344.64166666666665,-0.0392206309164541,0.0499505202573057,-0.010295599950178,1682419675.725,0.42489774788037965,"{'status': 'FAIL', 'driver_id': 'AI_SERVER_RACK_BUILD', 'basket': 'AI_Server', 'breadth_n': 3, 'breadth_eligible': True, 'global_trend_score': 0.7241, 'international_breadth_score': 0.4167, 'score_is_probability': False}",False,False,WATCHLIST,,,,,,,,,,,,True,CAUSAL_DRIVER_NOT_ACTIVE;GLOBAL_ALIGNMENT_NOT_ELIGIBLE;NO_ENTRY_STYLE_FOR_CURRENT_REACTION,,CAUSAL_DRIVER_NOT_ACTIVE;GLOBAL_ALIGNMENT_NOT_ELIGIBLE;NO_ENTRY_STYLE_FOR_CURRENT_REACTION,SHADOW_ADVISORY_ONLY,False,True,False,ENTRY_STRUCTURE_OR_LIQUIDITY_UNAVAILABLE,LIVE_EXECUTABLE_QUOTE_REQUIRED
ALPHA_HUNTER_ENTRY_STRUCTURE_V2,ALPHA_HUNTER_ADVISORY_V2,2882.TW,國泰金,Financials,FINANCIALS_RATE_CREDIT_CYCLE,0.4452,False,PERSISTENT,CONTINUATION_BASE,PREPARE,110.0,2026-09-15T00:00:00,2026-09-15T22:29:16.807307+00:00,RAW_TRADEABLE_OHLC,TWD,TAIWAN_COMMON_STOCK,True,3.7857142857142856,0.03441558441558441,107.44500007629499,101.36000010172667,0.1466745229981552,0.0217831671486509,0.3366677419768896,2382473355.1064124,0.8504483130453359,"{'status': 'FAIL', 'driver_id': 'FINANCIALS_RATE_CREDIT_CYCLE', 'basket': 'Financials', 'breadth_n': 4, 'breadth_eligible': True, 'global_trend_score': 0.3036, 'international_breadth_score': 0.4, 'score_is_probability': False}",False,False,WATCHLIST,,,,,,,,,,,,True,CAUSAL_DRIVER_NOT_ACTIVE;COMPANY_EDGE_NOT_SOURCE_BACKED;GLOBAL_ALIGNMENT_NOT_ELIGIBLE,,CAUSAL_DRIVER_NOT_ACTIVE;COMPANY_EDGE_NOT_SOURCE_BACKED;GLOBAL_ALIGNMENT_NOT_ELIGIBLE,SHADOW_ADVISORY_ONLY,False,True,False,ENTRY_STRUCTURE_OR_LIQUIDITY_UNAVAILABLE,LIVE_EXECUTABLE_QUOTE_REQUIRED
ALPHA_HUNTER_ENTRY_STRUCTURE_V2,ALPHA_HUNTER_ADVISORY_V2,2891.TW,中信金,Financials,FINANCIALS_RATE_CREDIT_CYCLE,0.4311,False,CONFIRMING,FRESH_BREAKOUT,AVOID,69.6999969482,2026-09-15T00:00:00,2026-09-15T22:29:16.823863+00:00,RAW_TRADEABLE_OHLC,TWD,TAIWAN_COMMON_STOCK,True,1.507143293114287,0.021623290661466937,66.11499958038,66.31833343506,0.0379952713189497,-0.0047455386463862,0.1044019011013122,2140034155.2219398,2.0644583664949305,"{'status': 'FAIL', 'driver_id': 'FINANCIALS_RATE_CREDIT_CYCLE', 'basket': 'Financials', 'breadth_n': 4, 'breadth_eligible': True, 'global_trend_score': 0.3036, 'international_breadth_score': 0.4, 'score_is_probability': False}",False,False,WATCHLIST,,,,,,,,,,,,True,CAUSAL_DRIVER_NOT_ACTIVE;COMPANY_EDGE_NOT_SOURCE_BACKED;GLOBAL_ALIGNMENT_NOT_ELIGIBLE,,CAUSAL_DRIVER_NOT_ACTIVE;COMPANY_EDGE_NOT_SOURCE_BACKED;GLOBAL_ALIGNMENT_NOT_ELIGIBLE,SHADOW_ADVISORY_ONLY,False,True,False,ENTRY_STRUCTURE_OR_LIQUIDITY_UNAVAILABLE,LIVE_EXECUTABLE_QUOTE_REQUIRED
ALPHA_HUNTER_ENTRY_STRUCTURE_V2,ALPHA_HUNTER_ADVISORY_V2,6472.TW,保瑞,Biotech,BIOPHARMA_RISK_APPETITE,0.4074,False,BROKEN,NONE,AVOID,411.0,2026-09-15T00:00:00,2026-09-15T22:29:16.840672+00:00,RAW_TRADEABLE_OHLC,TWD,TAIWAN_COMMON_STOCK,True,11.428571428571429,0.02780674313521029,425.9,417.675,-0.0301625625881343,-0.0064642545853146,0.0047009195116973,480824767.65,0.6798797576340718,"{'status': 'FAIL', 'driver_id': 'BIOPHARMA_RISK_APPETITE', 'basket': 'Biotech', 'breadth_n': 22, 'breadth_eligible': True, 'global_trend_score': 0.4818, 'international_breadth_score': 0.4705, 'score_is_probability': False}",False,False,WATCHLIST,,,,,,,,,,,,True,CAUSAL_DRIVER_NOT_ACTIVE;COMPANY_EDGE_NOT_SOURCE_BACKED;GLOBAL_ALIGNMENT_NOT_ELIGIBLE;PRICE_STRUCTURE_BROKEN;NO_ENTRY_STYLE_FOR_CURRENT_REACTION,,CAUSAL_DRIVER_NOT_ACTIVE;COMPANY_EDGE_NOT_SOURCE_BACKED;GLOBAL_ALIGNMENT_NOT_ELIGIBLE;PRICE_STRUCTURE_BROKEN;NO_ENTRY_STYLE_FOR_CURRENT_REACTION,SHADOW_ADVISORY_ONLY,False,True,False,ENTRY_STRUCTURE_OR_LIQUIDITY_UNAVAILABLE,LIVE_EXECUTABLE_QUOTE_REQUIRED
ALPHA_HUNTER_ENTRY_STRUCTURE_V2,ALPHA_HUNTER_ADVISORY_V2,1609.TW,大亞,Copper,COPPER_COMMODITY_TRADE_INVENTORY,0.4029,False,BROKEN,NONE,AVOID,37.2000007629,2026-09-15T00:00:00,2026-09-15T22:29:16.855612+00:00,RAW_TRADEABLE_OHLC,TWD,TAIWAN_COMMON_STOCK,True,0.7607141222428585,0.02044930394199152,37.44999942779,37.39999974568333,-0.0041198667818276,0.0087243882102274,0.0065617675747353,107940387.76156068,0.6164415497991926,"{'status': 'FAIL', 'driver_id': 'COPPER_COMMODITY_TRADE_INVENTORY', 'basket': 'Copper', 'breadth_n': 3, 'breadth_eligible': True, 'global_trend_score': 0.5054, 'international_breadth_score': 0.2667, 'score_is_probability': False}",False,False,WATCHLIST,,,,,,,,,,,,True,CAUSAL_DRIVER_NOT_ACTIVE;COMPANY_EDGE_NOT_SOURCE_BACKED;GLOBAL_ALIGNMENT_NOT_ELIGIBLE;PRICE_STRUCTURE_BROKEN;NO_ENTRY_STYLE_FOR_CURRENT_REACTION,,CAUSAL_DRIVER_NOT_ACTIVE;COMPANY_EDGE_NOT_SOURCE_BACKED;GLOBAL_ALIGNMENT_NOT_ELIGIBLE;PRICE_STRUCTURE_BROKEN;NO_ENTRY_STYLE_FOR_CURRENT_REACTION,SHADOW_ADVISORY_ONLY,False,True,False,ENTRY_STRUCTURE_OR_LIQUIDITY_UNAVAILABLE,LIVE_EXECUTABLE_QUOTE_REQUIRED
ALPHA_HUNTER_ENTRY_STRUCTURE_V2,ALPHA_HUNTER_ADVISORY_V2,2356.TW,英業達,AI_Server,AI_SERVER_SHIPMENTS,0.3677,False,BROKEN,NONE,AVOID,60.5,2026-09-15T00:00:00,2026-09-15T22:29:16.870514+00:00,RAW_TRADEABLE_OHLC,TWD,TAIWAN_COMMON_STOCK,True,2.3499998365071435,0.038842972504250305,64.889999580375,64.63499972025167,-0.0750769506436185,-0.0461135965424317,-0.174724995756323,1045634587.8240293,0.6338867293382715,"{'status': 'FAIL', 'driver_id': 'AI_SERVER_SHIPMENTS', 'basket': 'AI_Server', 'breadth_n': 3, 'breadth_eligible': True, 'global_trend_score': 0.7241, 'international_breadth_score': 0.4167, 'score_is_probability': False}",False,False,WATCHLIST,,,,,,,,,,,,True,CAUSAL_DRIVER_NOT_ACTIVE;COMPANY_EDGE_NOT_SOURCE_BACKED;GLOBAL_ALIGNMENT_NOT_ELIGIBLE;PRICE_STRUCTURE_BROKEN;NO_ENTRY_STYLE_FOR_CURRENT_REACTION,,CAUSAL_DRIVER_NOT_ACTIVE;COMPANY_EDGE_NOT_SOURCE_BACKED;GLOBAL_ALIGNMENT_NOT_ELIGIBLE;PRICE_STRUCTURE_BROKEN;NO_ENTRY_STYLE_FOR_CURRENT_REACTION,SHADOW_ADVISORY_ONLY,False,True,False,ENTRY_STRUCTURE_OR_LIQUIDITY_UNAVAILABLE,LIVE_EXECUTABLE_QUOTE_REQUIRED
ALPHA_HUNTER_ENTRY_STRUCTURE_V2,ALPHA_HUNTER_ADVISORY_V2,1608.TW,華榮,Copper,COPPER_COMMODITY_TRADE_INVENTORY,0.3611,False,UNKNOWN,NONE,PREPARE,35.4000015259,2026-09-15T00:00:00,2026-09-15T22:29:16.885400+00:00,RAW_TRADEABLE_OHLC,TWD,TAIWAN_COMMON_STOCK,True,0.9750001089785704,0.027542374772645782,36.60249977111,34.318333307900005,-0.0097430548208518,0.1216604665329922,-0.0001432258761235,121120044.74515548,0.4568864335640416,"{'status': 'FAIL', 'driver_id': 'COPPER_COMMODITY_TRADE_INVENTORY', 'basket': 'Copper', 'breadth_n': 3, 'breadth_eligible': True, 'global_trend_score': 0.5054, 'international_breadth_score': 0.2667, 'score_is_probability': False}",False,False,WATCHLIST,,,,,,,,,,,,True,CAUSAL_DRIVER_NOT_ACTIVE;COMPANY_EDGE_NOT_SOURCE_BACKED;GLOBAL_ALIGNMENT_NOT_ELIGIBLE;NO_ENTRY_STYLE_FOR_CURRENT_REACTION,,CAUSAL_DRIVER_NOT_ACTIVE;COMPANY_EDGE_NOT_SOURCE_BACKED;GLOBAL_ALIGNMENT_NOT_ELIGIBLE;NO_ENTRY_STYLE_FOR_CURRENT_REACTION,SHADOW_ADVISORY_ONLY,False,True,False,ENTRY_STRUCTURE_OR_LIQUIDITY_UNAVAILABLE,LIVE_EXECUTABLE_QUOTE_REQUIRED
ALPHA_HUNTER_ENTRY_STRUCTURE_V2,ALPHA_HUNTER_ADVISORY_V2,6446.TW,藥華藥,Biotech,BIOPHARMA_RISK_APPETITE,0.3332,False,BROKEN,NONE,AVOID,1205.0,2026-09-15T00:00:00,2026-09-15T22:29:16.900322+00:00,RAW_TRADEABLE_OHLC,TWD,TAIWAN_COMMON_STOCK,True,88.92857142857143,0.07379964433906343,1378.5,1286.2154052734365,-0.1561428544593837,0.259638799918361,-0.1544301861319879,5347088658.0,0.5842959560281175,"{'status': 'FAIL', 'driver_id': 'BIOPHARMA_RISK_APPETITE', 'basket': 'Biotech', 'breadth_n': 22, 'breadth_eligible': True, 'global_trend_score': 0.4818, 'international_breadth_score': 0.4705, 'score_is_probability': False}",False,False,WATCHLIST,,,,,,,,,,,,True,CAUSAL_DRIVER_NOT_ACTIVE;COMPANY_EDGE_NOT_SOURCE_BACKED;GLOBAL_ALIGNMENT_NOT_ELIGIBLE;PRICE_STRUCTURE_BROKEN;NO_ENTRY_STYLE_FOR_CURRENT_REACTION,,CAUSAL_DRIVER_NOT_ACTIVE;COMPANY_EDGE_NOT_SOURCE_BACKED;GLOBAL_ALIGNMENT_NOT_ELIGIBLE;PRICE_STRUCTURE_BROKEN;NO_ENTRY_STYLE_FOR_CURRENT_REACTION,SHADOW_ADVISORY_ONLY,False,True,False,ENTRY_STRUCTURE_OR_LIQUIDITY_UNAVAILABLE,LIVE_EXECUTABLE_QUOTE_REQUIRED
ALPHA_HUNTER_ENTRY_STRUCTURE_V2,ALPHA_HUNTER_ADVISORY_V2,1605.TW,華新,Copper,COPPER_COMMODITY_TRADE_INVENTORY,0.2868,False,UNKNOWN,NONE,PREPARE,36.3499984741,2026-09-15T00:00:00,2026-09-15T22:29:16.915129+00:00,RAW_TRADEABLE_OHLC,TWD,TAIWAN_COMMON_STOCK,True,1.1000006539642873,0.030261367266577927,37.992499923705,35.89750000636333,-0.0390755246260964,-0.0383114905692328,-0.0273616622860105,706183829.8390751,0.698443897724553,"{'status': 'FAIL', 'driver_id': 'COPPER_COMMODITY_TRADE_INVENTORY', 'basket': 'Copper', 'breadth_n': 3, 'breadth_eligible': True, 'global_trend_score': 0.5054, 'international_breadth_score': 0.2667, 'score_is_probability': False}",False,False,WATCHLIST,,,,,,,,,,,,True,CAUSAL_DRIVER_NOT_ACTIVE;COMPANY_EDGE_NOT_SOURCE_BACKED;GLOBAL_ALIGNMENT_NOT_ELIGIBLE;NO_ENTRY_STYLE_FOR_CURRENT_REACTION,,CAUSAL_DRIVER_NOT_ACTIVE;COMPANY_EDGE_NOT_SOURCE_BACKED;GLOBAL_ALIGNMENT_NOT_ELIGIBLE;NO_ENTRY_STYLE_FOR_CURRENT_REACTION,SHADOW_ADVISORY_ONLY,False,True,False,ENTRY_STRUCTURE_OR_LIQUIDITY_UNAVAILABLE,LIVE_EXECUTABLE_QUOTE_REQUIRED
