ticker,theme,name,state,raw_state,observation_date,confirmation_streak,weakening_streak,leader_score_v1,rs20,rs60,keynes_legacy,keynes_v2,updated_at_utc
EQIX,AI_Infrastructure,Equinix,WEAKENING,WEAKENING,2026-09-15,0,0,0.4665909090909091,-0.058411158553077325,-0.08787427331700348,-0.7009022661469683,-0.39308015431603577,2026-09-17T00:07:00.250544+00:00
DLR,AI_Infrastructure,Digital Realty,WEAKENING,WEAKENING,2026-09-15,0,0,0.4340909090909091,-0.06819751155533205,-0.054924989809105096,-0.809289283639483,-0.35830311235203977,2026-09-17T00:07:00.250544+00:00
VRT,AI_Infrastructure,Vertiv,WEAKENING,WEAKENING,2026-09-15,0,0,0.18113636363636362,-0.17775024981656495,-0.3096605266801128,-1.7634625086030347,-0.3261406632503626,2026-09-17T00:07:00.250544+00:00
ANET,AI_Networking,Arista Networks,NEUTRAL,NEUTRAL,2026-09-15,0,0,0.6174999999999999,-0.02462488630251758,0.12229716883446073,-0.5110602797653456,-0.029356428561613072,2026-09-17T00:07:00.250544+00:00
MRVL,AI_Networking,Marvell Technology,WEAKENING,WEAKENING,2026-09-15,0,0,0.4120454545454545,-0.03412282617103446,-0.3002601625208249,-0.7103598002941279,-0.014745944501971107,2026-09-17T00:07:00.250544+00:00
LITE,AI_Networking,Lumentum,WEAKENING,WEAKENING,2026-09-15,0,0,0.34204545454545454,-0.11433530376510626,-0.02725023445041541,-1.229324165686075,-0.08416521208789078,2026-09-17T00:07:00.250544+00:00
CIEN,AI_Networking,Ciena,WEAKENING,WEAKENING,2026-09-15,0,0,0.2815909090909091,-0.22922487940962633,-0.23351851555057201,-2.289163255925975,-0.4234324046301675,2026-09-17T00:07:00.250544+00:00
5801.T,AI_Networking,Furukawa Electric,WEAKENING,WEAKENING,2026-09-16,0,0,0.2715909090909091,-0.08963332590965101,-0.19404013463693182,-0.20615320460951925,0.0006694077966284092,2026-09-17T00:07:00.250544+00:00
5803.T,AI_Networking,Fujikura,WEAKENING,WEAKENING,2026-09-16,0,0,0.24681818181818183,-0.1372574162099527,0.028197552467975284,-0.9488768783957473,-0.0774406987576906,2026-09-17T00:07:00.250544+00:00
COHR,AI_Networking,Coherent,WEAKENING,WEAKENING,2026-09-15,0,0,0.12454545454545454,-0.20814424405729137,-0.3181868438335794,-2.063911275612247,-0.3195819200278303,2026-09-17T00:07:00.250544+00:00
AMD,AI_Semiconductor,AMD,NEUTRAL,NEUTRAL,2026-09-15,0,0,0.615,0.016218254599649762,-0.07598855088540168,-0.14652602150131785,-0.0001804329491678291,2026-09-17T00:07:00.250544+00:00
NVDA,AI_Semiconductor,NVIDIA,WEAKENING,WEAKENING,2026-09-15,0,0,0.47863636363636364,-0.03623346705099084,-0.006110692967054243,-0.5286300655200069,-0.05847566458537115,2026-09-17T00:07:00.250544+00:00
ARM,AI_Semiconductor,Arm Holdings,WEAKENING,WEAKENING,2026-09-15,0,0,0.22318181818181815,-0.0892764841055661,-0.4639730191055321,-1.2049503410559144,-0.11726069303492385,2026-09-17T00:07:00.250544+00:00
AVGO,AI_Semiconductor,Broadcom,WEAKENING,WEAKENING,2026-09-15,0,0,0.21636363636363637,-0.1156881187001697,-0.188184647529687,-1.1947148041294984,-0.5726438731210545,2026-09-17T00:07:00.250544+00:00
DELL,AI_Server,Dell,PULLBACK_LEADER,PULLBACK_LEADER,2026-09-15,8,0,0.8354545454545453,0.15253645336174426,0.3151839834201364,0.7704321647968453,0.08503152841427422,2026-09-17T00:07:00.250544+00:00
HPE,AI_Server,HPE,NEUTRAL,NEUTRAL,2026-09-15,0,0,0.6640909090909091,-0.010253957773737499,0.16439229365969887,-0.482415450253057,-0.0050303323755895414,2026-09-17T00:07:00.250544+00:00
SMCI,AI_Server,Super Micro Computer,WEAKENING,WEAKENING,2026-09-15,0,0,0.44750000000000006,-0.04918996076816151,0.1481645753529659,-0.8069634488850181,-0.036733291698482315,2026-09-17T00:07:00.250544+00:00
NXPI,Analog_Semiconductor,NXP Semiconductors,WEAKENING,WEAKENING,2026-09-15,0,0,0.46204545454545454,-0.007596385270297046,-0.2892713891370523,-0.4310187590206445,-0.02630739408887691,2026-09-17T00:07:00.250544+00:00
TXN,Analog_Semiconductor,Texas Instruments,WEAKENING,WEAKENING,2026-09-15,0,0,0.4275,-0.04908031508599486,-0.19415798137336815,-0.6546526402461728,-0.20739932426153374,2026-09-17T00:07:00.250544+00:00
ON,Analog_Semiconductor,ON Semiconductor,WEAKENING,WEAKENING,2026-09-15,0,0,0.35113636363636364,-0.10231609364171212,-0.4123873720288127,-1.3124569902930903,-0.22315140109502926,2026-09-17T00:07:00.250544+00:00
MCHP,Analog_Semiconductor,Microchip Technology,WEAKENING,WEAKENING,2026-09-15,0,0,0.2963636363636364,-0.08413531060598811,-0.29340282559299524,-1.0486072146884997,-0.40079126698096346,2026-09-17T00:07:00.250544+00:00
GM,Auto,General Motors,NEUTRAL,NEUTRAL,2026-09-15,0,0,0.6909090909090909,0.033720619095041315,0.06464513865198174,0.011397555002036014,0.01018912333631397,2026-09-17T00:07:00.250544+00:00
F,Auto,Ford,WEAKENING,WEAKENING,2026-09-15,0,0,0.525909090909091,-0.019370377789275306,-0.04369236235676799,-0.40744177439948154,-0.036708068645771134,2026-09-17T00:07:00.250544+00:00
4502.T,Biotech,Takeda Pharmaceutical,PERSISTENT,PERSISTENT,2026-09-16,4,0,0.8479545454545456,0.08437693396960233,0.2940384091880345,0.02280032283058378,0.01836114199071178,2026-09-17T00:07:00.250544+00:00
2269.HK,Biotech,WuXi Biologics,PERSISTENT,PERSISTENT,2026-09-16,3,0,0.7786363636363638,0.04473572859872854,0.5633597766545801,0.09019752557751715,0.027435089150167145,2026-09-17T00:07:00.250544+00:00
ROP.SW,Biotech,Roche,PERSISTENT,PERSISTENT,2026-09-15,4,0,0.7770454545454546,0.047142988609558456,0.13468911593644295,0.024414473006182574,0.00789647490728853,2026-09-17T00:07:00.250544+00:00
4568.T,Biotech,Daiichi Sankyo,PERSISTENT,PERSISTENT,2026-09-16,3,0,0.7581818181818183,0.10950281572649057,0.22506903249895716,0.2552546391309096,0.06216845492306772,2026-09-17T00:07:00.250544+00:00
1548.HK,Biotech,Genscript Biotech,PULLBACK_LEADER,PULLBACK_LEADER,2026-09-16,4,0,0.7281818181818182,0.1773507256393504,1.8951597338419208,0.29351153003940533,0.041106816703700096,2026-09-17T00:07:00.250544+00:00
4503.T,Biotech,Astellas Pharma,EMERGING,PERSISTENT,2026-09-16,2,0,0.7270454545454546,0.06089489055396902,0.18799841087707414,-0.1435779202356267,-0.0059857179390726606,2026-09-17T00:07:00.250544+00:00
MRNA,Biotech,Moderna,NEUTRAL,NEUTRAL,2026-09-15,0,0,0.6965909090909091,1.2501510673081073,1.2335492059252504,9.20184344005798,0.20597342385070352,2026-09-17T00:07:00.250544+00:00
IBB,Biotech,Biotech ETF,NEUTRAL,NEUTRAL,2026-09-15,0,0,0.6954545454545455,0.020175981843277735,0.1491269687582928,-0.12041674724239546,6.2837732765597235e-06,2026-09-17T00:07:00.250544+00:00
1177.HK,Biotech,Sino Biopharmaceutical,NEUTRAL,NEUTRAL,2026-09-16,0,0,0.6506818181818181,0.17661282449732985,0.21013061491636642,1.0601686755044124,0.21099560613352716,2026-09-17T00:07:00.250544+00:00
VRTX,Biotech,Vertex,NEUTRAL,NEUTRAL,2026-09-15,0,0,0.6377272727272727,0.01799107384638743,0.12523269261385694,-0.13325585785714095,-0.0001452941923104709,2026-09-17T00:07:00.250544+00:00
SAN.PA,Biotech,Sanofi,EMERGING,EMERGING,2026-09-15,1,0,0.6331818181818182,0.0019066414892754402,0.031689676874730566,-0.2880519070663765,-0.10028758060892777,2026-09-17T00:07:00.250544+00:00
2359.HK,Biotech,WuXi AppTec,NEUTRAL,NEUTRAL,2026-09-16,0,0,0.6320454545454546,-0.023019286705639797,0.42727443486691796,-0.5345637585924679,-0.0358232453987872,2026-09-17T00:07:00.250544+00:00
XBI,Biotech,Biotech ETF,WEAKENING,WEAKENING,2026-09-15,0,0,0.6197727272727273,-0.01470073159079821,0.08139743336522987,-0.4021724184744994,-0.04062456843857575,2026-09-17T00:07:00.250544+00:00
REGN,Biotech,Regeneron,WEAKENING,WEAKENING,2026-09-15,0,0,0.6127272727272728,-0.01858518878095239,0.2563776248853544,-0.4797513952523362,-0.050896144811609305,2026-09-17T00:07:00.250544+00:00
1093.HK,Biotech,CSPC Pharmaceutical,NEUTRAL,NEUTRAL,2026-09-16,0,0,0.6025000000000001,0.020197916453971287,0.26073850325522585,-0.03660044074073451,0.002877164445451901,2026-09-17T00:07:00.250544+00:00
BNTX,Biotech,BioNTech,NEUTRAL,NEUTRAL,2026-09-15,0,0,0.5977272727272728,0.07534327255419038,0.04955140981260131,0.3432663730437035,0.01737252739804128,2026-09-17T00:07:00.250544+00:00
1801.HK,Biotech,Innovent Biologics,NEUTRAL,NEUTRAL,2026-09-16,0,0,0.5836363636363636,0.01448967145216995,0.2229716506045607,-0.4923156042764818,-0.031228075252847622,2026-09-17T00:07:00.250544+00:00
NOVN.SW,Biotech,Novartis,WEAKENING,WEAKENING,2026-09-16,0,0,0.5586363636363636,-0.04296558895819014,-0.0506793803248754,-0.7817543376853333,-0.1541846238988838,2026-09-17T00:07:00.250544+00:00
4519.T,Biotech,Chugai Pharmaceutical,NEUTRAL,NEUTRAL,2026-09-16,0,0,0.5252272727272728,0.00826813062514864,-0.022365121150015987,-0.5993248904096662,-0.281878612555763,2026-09-17T00:07:00.250544+00:00
207940.KS,Biotech,Samsung Biologics,WEAKENING,WEAKENING,2026-09-16,0,0,0.5006818181818181,-0.04241746893939502,0.29555833983292557,-0.7861583472554114,-0.3088066270394951,2026-09-17T00:07:00.250544+00:00
AMGN,Biotech,Amgen,WEAKENING,WEAKENING,2026-09-15,0,2,0.4768181818181818,-0.07926276679297473,0.10494799503042818,-0.9766335427975414,-0.22312353339679916,2026-09-17T00:07:00.250544+00:00
068270.KS,Biotech,Celltrion,WEAKENING,WEAKENING,2026-09-16,0,0,0.43499999999999994,-0.056762104359803,0.3101801947494569,-0.7758637030872421,-1.016360664981284,2026-09-17T00:07:00.250544+00:00
MSFT,Cloud_AI,Microsoft,PULLBACK_LEADER,PULLBACK_LEADER,2026-09-15,4,0,0.7581818181818182,0.05663577930561925,0.29848401472542196,0.1161900009515539,0.10288614508214035,2026-09-17T00:07:00.250544+00:00
CLOU,Cloud_AI,Cloud Computing ETF,PERSISTENT,PERSISTENT,2026-09-15,4,0,0.7368181818181819,0.030894674099013586,0.28182995357088014,-0.052541076180427276,0.004311073863644761,2026-09-17T00:07:00.250544+00:00
SKYY,Cloud_AI,Cloud Computing ETF,PERSISTENT,PERSISTENT,2026-09-15,4,0,0.7143181818181819,0.02057676079770998,0.2169329181652917,-0.1292930624796702,3.300723848546055e-05,2026-09-17T00:07:00.250544+00:00
GOOGL,Cloud_AI,Alphabet,EMERGING,EMERGING,2026-09-15,4,0,0.6145454545454546,0.02326903329005614,-0.07629020986757351,-0.06364749692968477,0.0008169526801337448,2026-09-17T00:07:00.250544+00:00
AMZN,Cloud_AI,Amazon,WEAKENING,WEAKENING,2026-09-15,0,0,0.5220454545454546,-0.0295528393089175,0.0022280064570054936,-0.475612599939613,-0.11760921141710509,2026-09-17T00:07:00.250544+00:00
ORCL,Cloud_AI,Oracle,WEAKENING,WEAKENING,2026-09-15,0,0,0.38272727272727275,-0.023183803028324346,-0.2500410458025977,-0.6449472505771006,-0.02492090879053601,2026-09-17T00:07:00.250544+00:00
9988.HK,Cloud_AI,Alibaba,WEAKENING,WEAKENING,2026-09-16,0,0,0.2775,-0.12234527440098564,0.003976711188210524,-1.2999766050286665,-0.588719632846341,2026-09-17T00:07:00.250544+00:00
9888.HK,Cloud_AI,Baidu,WEAKENING,WEAKENING,2026-09-16,0,0,0.22545454545454546,-0.08911097710037452,-0.21996406442763505,-0.3754224637515512,-0.009505760836712465,2026-09-17T00:07:00.250544+00:00
COST,Consumer,Costco,WEAKENING,WEAKENING,2026-09-15,0,0,0.5152272727272728,-0.034917718324981806,-0.06541234730541445,-0.49964149610561703,-0.24779256303191313,2026-09-17T00:07:00.250544+00:00
WMT,Consumer,Walmart,WEAKENING,WEAKENING,2026-09-15,0,0,0.48749999999999993,-0.03253998633506605,-0.08962671322143057,-0.5360056894720888,-0.08999625415736975,2026-09-17T00:07:00.250544+00:00
AAPL,Consumer_Tech,Apple,PERSISTENT,PERSISTENT,2026-09-15,6,0,0.7945454545454547,0.10403877224662084,0.09853874926559625,0.6059573558645025,0.4169913164108117,2026-09-17T00:07:00.250544+00:00
1810.HK,Consumer_Tech,Xiaomi,EMERGING,EMERGING,2026-09-16,0,0,0.5745454545454547,0.043784655167428466,0.07938931934211402,-0.494186013790831,-0.04262921376860059,2026-09-17T00:07:00.250544+00:00
FCX,Copper,Freeport-McMoRan,NEUTRAL,NEUTRAL,2026-09-15,0,0,0.5329545454545455,0.034399702426298195,-0.0016179139660936759,-0.004402327131480158,0.0025940688091905255,2026-09-17T00:07:00.250544+00:00
SCCO,Copper,Southern Copper,NEUTRAL,NEUTRAL,2026-09-15,0,0,0.5072727272727273,0.005976365529909544,-0.01533950827019992,-0.2177636741819191,-0.002290086069559158,2026-09-17T00:07:00.250544+00:00
COPX,Copper,Copper Miners ETF,WEAKENING,WEAKENING,2026-09-15,0,0,0.4893181818181818,-0.011710604687865112,-0.021311045746955637,-0.3659736977586181,-0.017260299845802032,2026-09-17T00:07:00.250544+00:00
CRWD,Cybersecurity,CrowdStrike,PERSISTENT,PERSISTENT,2026-09-15,4,0,0.9138636363636363,0.15343618981771245,0.40202749798958304,0.8700796709596283,0.07048844245379109,2026-09-17T00:07:00.250544+00:00
053800.KQ,Cybersecurity,AhnLab,PERSISTENT,PERSISTENT,2026-09-16,4,0,0.8811363636363637,0.13800899266447442,0.30339414567600365,0.9734770008373752,0.6984152971921173,2026-09-17T00:07:00.250544+00:00
356680.KQ,Cybersecurity,AXGATE,PERSISTENT,PERSISTENT,2026-09-16,4,0,0.8761363636363637,0.4801391077854761,0.24084012235122532,3.2951081172490406,0.6839703193586448,2026-09-17T00:07:00.250544+00:00
NET,Cybersecurity,Cloudflare,PERSISTENT,PERSISTENT,2026-09-15,4,0,0.8609090909090908,0.08563659148062397,0.4461950603809022,0.32342399590518794,0.028471821811045146,2026-09-17T00:07:00.250544+00:00
FTNT,Cybersecurity,Fortinet,PERSISTENT,PERSISTENT,2026-09-15,4,0,0.8488636363636364,0.12577482644125537,0.17671427711185772,0.699800444198035,0.11880018870138855,2026-09-17T00:07:00.250544+00:00
S,Cybersecurity,SentinelOne,PERSISTENT,PERSISTENT,2026-09-15,3,0,0.8463636363636363,0.09585253038290265,0.5489868982050872,0.41675975518246183,0.037619801216134584,2026-09-17T00:07:00.250544+00:00
HACK,Cybersecurity,Cybersecurity ETF,PERSISTENT,PERSISTENT,2026-09-15,4,0,0.8438636363636363,0.0633027051161078,0.24188377017987905,0.20999630627941357,0.03110124612973529,2026-09-17T00:07:00.250544+00:00
CIBR,Cybersecurity,Cybersecurity ETF,PERSISTENT,PERSISTENT,2026-09-15,4,0,0.8106818181818182,0.052600975332812605,0.18146610318363443,0.14843891080617258,0.022610726596516507,2026-09-17T00:07:00.250544+00:00
CHKP,Cybersecurity,Check Point,PERSISTENT,PERSISTENT,2026-09-15,4,0,0.7868181818181817,0.10465067829681651,0.11211736863097888,0.6094410532024261,0.1857505264029986,2026-09-17T00:07:00.250544+00:00
ZS,Cybersecurity,Zscaler,PERSISTENT,PERSISTENT,2026-09-15,4,0,0.7854545454545455,0.07101169986941447,0.5387215693812906,0.2248188383519467,0.01524486962314573,2026-09-17T00:07:00.250544+00:00
PANW,Cybersecurity,Palo Alto Networks,PERSISTENT,PERSISTENT,2026-09-15,3,0,0.7329545454545454,0.017992454026956928,0.28912944739933066,-0.246936111886302,-2.149188093911367e-05,2026-09-17T00:07:00.250544+00:00
012450.KS,Defense,Hanwha Aerospace,NEUTRAL,NEUTRAL,2026-09-16,0,0,0.5675,-0.0371163220769376,0.21531719216305956,-0.9878343190893862,-0.14258781030117543,2026-09-17T00:07:00.250544+00:00
7013.T,Defense,IHI,WEAKENING,WEAKENING,2026-09-16,0,0,0.5325,-0.013019267025717651,0.09319890026521238,-0.052371391078052706,9.126923999184998e-05,2026-09-17T00:07:00.250544+00:00
GD,Defense,General Dynamics,WEAKENING,WEAKENING,2026-09-15,0,0,0.5172727272727272,-0.06341719472217144,0.014789268326169891,-0.7411795640942472,-0.9742919715760807,2026-09-17T00:07:00.250544+00:00
NOC,Defense,Northrop Grumman,WEAKENING,WEAKENING,2026-09-15,0,0,0.5161363636363636,-0.04429649017653137,0.009067032306882217,-0.6004111381448289,-0.24282438562072667,2026-09-17T00:07:00.250544+00:00
AIR.PA,Defense,Airbus,WEAKENING,WEAKENING,2026-09-15,0,0,0.5013636363636365,-0.056915782237435764,0.0358220980689985,-0.8352133899631684,-0.750544093470481,2026-09-17T00:07:00.250544+00:00
RTX,Defense,RTX,WEAKENING,WEAKENING,2026-09-15,0,0,0.45272727272727276,-0.0981634550234094,0.04257762858688641,-1.065051042529586,-1.2611816914660887,2026-09-17T00:07:00.250544+00:00
LMT,Defense,Lockheed Martin,WEAKENING,WEAKENING,2026-09-15,0,0,0.4354545454545454,-0.07619305979178248,0.03625087204469479,-0.895307748834193,-0.46926969627966675,2026-09-17T00:07:00.250544+00:00
7011.T,Defense,Mitsubishi Heavy Industries,WEAKENING,WEAKENING,2026-09-16,0,0,0.42477272727272725,-0.09414198468032353,0.053851604328918445,-0.7765949866055945,-0.27697250025935016,2026-09-17T00:07:00.250544+00:00
SAF.PA,Defense,Safran,WEAKENING,WEAKENING,2026-09-15,0,0,0.40727272727272723,-0.0735835083900872,-0.018909804741305103,-0.9716334776594268,-0.6728638151213916,2026-09-17T00:07:00.250544+00:00
LDO.MI,Defense,Leonardo,WEAKENING,WEAKENING,2026-09-15,0,0,0.36818181818181817,-0.1305955611529892,0.0041682703346903605,-1.4051075427974529,-1.2371707614726357,2026-09-17T00:07:00.250544+00:00
ITA,Defense,Aerospace Defense ETF,WEAKENING,WEAKENING,2026-09-15,0,0,0.3477272727272727,-0.12732605272126596,-0.1177890956086185,-1.2487132843893747,-2.0596012890477815,2026-09-17T00:07:00.250544+00:00
079550.KS,Defense,LIG Nex1,WEAKENING,WEAKENING,2026-09-16,0,0,0.3468181818181818,-0.1206653358739016,0.055460547840798013,-1.4681384715361792,-0.33896868117385015,2026-09-17T00:07:00.250544+00:00
HII,Defense,Huntington Ingalls,WEAKENING,WEAKENING,2026-09-15,0,0,0.34272727272727277,-0.09826401503510407,-0.030611787841521743,-1.0678502669725307,-1.3365393509168126,2026-09-17T00:07:00.250544+00:00
7012.T,Defense,Kawasaki Heavy Industries,WEAKENING,WEAKENING,2026-09-16,0,0,0.32181818181818184,-0.11168211045843557,-0.14766350706228293,-0.9911299993677867,-0.46376482648462297,2026-09-17T00:07:00.250544+00:00
XAR,Defense,Aerospace Defense ETF,WEAKENING,WEAKENING,2026-09-15,0,0,0.3156818181818182,-0.1611177228505425,-0.16448648749315287,-1.5179635611452005,-2.245476300891142,2026-09-17T00:07:00.250544+00:00
RHM.DE,Defense,Rheinmetall,WEAKENING,WEAKENING,2026-09-15,0,0,0.2990909090909091,-0.11885230628129928,-0.1272320051900081,-1.3369482328278912,-0.6586719223045379,2026-09-17T00:07:00.250544+00:00
064350.KS,Defense,Hyundai Rotem,WEAKENING,WEAKENING,2026-09-16,0,0,0.21000000000000002,-0.11692512997811444,-0.14562470765352054,-1.2977611377400282,-0.4019825351325202,2026-09-17T00:07:00.250544+00:00
7267.T,EV,Honda Motor,PERSISTENT,PERSISTENT,2026-09-16,4,0,0.7477272727272728,0.036763956026159894,0.29483655533666553,-0.012276307583500401,0.006459517739199455,2026-09-17T00:07:00.250544+00:00
7203.T,EV,Toyota Motor,EMERGING,EMERGING,2026-09-16,2,0,0.6968181818181818,0.05861635348662009,0.1970563552056671,0.1422298577951761,0.028018763552833524,2026-09-17T00:07:00.250544+00:00
006400.KS,EV,Samsung SDI,NEUTRAL,NEUTRAL,2026-09-16,0,0,0.6761363636363636,0.1562111462376563,0.25348744798037426,0.6969827594307709,0.11707500828087812,2026-09-17T00:07:00.250544+00:00
373220.KS,EV,LG Energy Solution,NEUTRAL,NEUTRAL,2026-09-16,0,0,0.6675,0.0766200482039352,0.17148653482989373,0.051640119714059685,0.007635903233561044,2026-09-17T00:07:00.250544+00:00
051910.KS,EV,LG Chem,NEUTRAL,NEUTRAL,2026-09-16,0,0,0.5643181818181818,0.039006364564373674,0.07115630026461117,-0.08589860176521102,0.003978172312547574,2026-09-17T00:07:00.250544+00:00
TSLA,EV,Tesla,NEUTRAL,NEUTRAL,2026-09-15,0,0,0.5547727272727272,0.07070392292545635,-0.12390272697861404,0.2478290201969104,0.03419428320817997,2026-09-17T00:07:00.250544+00:00
2015.HK,EV,Li Auto,WEAKENING,WEAKENING,2026-09-16,0,0,0.4656818181818182,-0.005197010950538483,-0.1245440819529422,-0.44368580502917787,-0.015356525633223705,2026-09-17T00:07:00.250544+00:00
DRIV,EV,Autonomous EV ETF,WEAKENING,WEAKENING,2026-09-15,0,0,0.38795454545454544,-0.06019668289323665,-0.1847017793871275,-0.7567940555845606,-0.4909532509051747,2026-09-17T00:07:00.250544+00:00
000270.KS,EV,Kia,WEAKENING,WEAKENING,2026-09-16,0,0,0.3481818181818182,-0.07693539106578973,0.054215613201760826,-0.9153294256081538,-0.2750361523753892,2026-09-17T00:07:00.250544+00:00
LIT,EV,Lithium Battery Tech ETF,WEAKENING,WEAKENING,2026-09-15,0,0,0.3245454545454545,-0.061808945663695325,-0.1582548722606425,-0.7800784315357057,-0.520712587368544,2026-09-17T00:07:00.250544+00:00
1211.HK,EV,BYD,WEAKENING,WEAKENING,2026-09-16,0,0,0.3175,-0.09010503683810744,-0.028877059630933344,-1.0154611097963182,-0.5261739736324006,2026-09-17T00:07:00.250544+00:00
005380.KS,EV,Hyundai Motor,WEAKENING,WEAKENING,2026-09-16,0,0,0.2356818181818182,-0.1156792976389841,-0.12961877908977304,-1.403904900079915,-0.5427949648232608,2026-09-17T00:07:00.250544+00:00
9868.HK,EV,XPeng,WEAKENING,WEAKENING,2026-09-16,0,0,0.20545454545454545,-0.1140160066563557,-0.25449418742349317,-1.1826855041540187,-0.22090839947576074,2026-09-17T00:07:00.250544+00:00
ALB,EV,Albemarle,WEAKENING,WEAKENING,2026-09-15,0,0,0.19590909090909092,-0.13066702918810447,-0.3043636375371819,-1.492732169264682,-0.37795658867454474,2026-09-17T00:07:00.250544+00:00
6762.T,Electronic_Components,TDK,WEAKENING,WEAKENING,2026-09-16,0,0,0.43590909090909086,-0.03837672836044437,-0.1661384580769002,-0.5497032130566314,-0.05601781461015156,2026-09-17T00:07:00.250544+00:00
CVX,Energy,Chevron,PERSISTENT,PERSISTENT,2026-09-15,8,0,0.8922727272727273,0.10349790830224881,0.25090254826677927,0.49861540238982294,0.6129717038528264,2026-09-17T00:07:00.250544+00:00
XLE,Energy,Energy ETF,PERSISTENT,PERSISTENT,2026-09-15,6,0,0.8486363636363637,0.07330699648487105,0.22072903366075192,0.34018003279668896,0.33577723309224966,2026-09-17T00:07:00.250544+00:00
XOM,Energy,Exxon Mobil,EMERGING,PERSISTENT,2026-09-15,1,0,0.831590909090909,0.0684563322952162,0.2223418442909495,0.30146051459464845,0.13697078141648766,2026-09-17T00:07:00.250544+00:00
RSP,Factor_Breadth,S&P Equal Weight,WEAKENING,WEAKENING,2026-09-15,0,0,0.6120454545454546,-0.011158769423565862,0.008735810747964035,-0.28781547027703963,-0.31685674202765846,2026-09-17T00:07:00.250544+00:00
QQQ,Factor_Growth,Nasdaq 100,WEAKENING,WEAKENING,2026-09-15,0,0,0.5286363636363637,-0.014929291364738417,-0.061932604607270236,-0.3104141885238601,-0.2504693467114627,2026-09-17T00:07:00.250544+00:00
MTUM,Factor_Momentum,US Momentum ETF,WEAKENING,WEAKENING,2026-09-15,0,0,0.3947727272727272,-0.04839647880255882,-0.12771509729790187,-0.6211632276683169,-0.37961337670940665,2026-09-17T00:07:00.250544+00:00
IWM,Factor_SmallCap,Russell 2000,WEAKENING,WEAKENING,2026-09-15,0,0,0.5025000000000001,-0.03999974848248522,-0.04709559272678887,-0.5326651776344792,-0.7027405707088904,2026-09-17T00:07:00.250544+00:00
JPM,Financials,JPMorgan,NEUTRAL,NEUTRAL,2026-09-15,0,0,0.691590909090909,-0.0036896651099729283,0.07447155782532877,-0.2863918305446995,-0.07853884856422308,2026-09-17T00:07:00.250544+00:00
XLF,Financials,Financials ETF,NEUTRAL,NEUTRAL,2026-09-15,0,0,0.6675000000000001,0.007097471631843821,0.05068372722948933,-0.17014513380021382,-0.03259929484543894,2026-09-17T00:07:00.250544+00:00
BAC,Financials,Bank of America,WEAKENING,WEAKENING,2026-09-15,0,0,0.5406818181818182,-0.04387013693731756,0.05021620037500374,-0.6636452563767725,-0.3351562562774256,2026-09-17T00:07:00.250544+00:00
GS,Financials,Goldman Sachs,WEAKENING,WEAKENING,2026-09-15,0,0,0.4556818181818182,-0.04667179821150358,-0.119232761329786,-0.6329204499635436,-0.20316957626163876,2026-09-17T00:07:00.250544+00:00
TSM,Foundry,TSMC ADR,WEAKENING,WEAKENING,2026-09-15,0,0,0.4834090909090909,-0.02018083746530397,-0.11893179828673428,-0.38137779741353334,-0.06456011076315571,2026-09-17T00:07:00.250544+00:00
0981.HK,Foundry,SMIC,WEAKENING,WEAKENING,2026-09-16,0,0,0.2975,-0.1675155138740423,-0.2678494252391117,-1.1668066007690925,-0.3413611495686662,2026-09-17T00:07:00.250544+00:00
1347.HK,Foundry,Hua Hong Semiconductor,WEAKENING,WEAKENING,2026-09-16,0,0,0.2565909090909091,-0.14842287302307433,-0.3956486109321963,-0.4243247053494393,-0.0022587229212829665,2026-09-17T00:07:00.250544+00:00
GFS,Foundry,GlobalFoundries,WEAKENING,WEAKENING,2026-09-15,0,0,0.18886363636363632,-0.18026186186436655,-0.5154666570246704,-2.00450819675432,-0.8880551940791381,2026-09-17T00:07:00.250544+00:00
GNOM,Genomics,Genomics ETF,PULLBACK_LEADER,PULLBACK_LEADER,2026-09-15,4,0,0.7588636363636364,0.0969798118578108,0.209430602816709,0.444113837935584,0.08243943341748383,2026-09-17T00:07:00.250544+00:00
IDNA,Genomics,Genomics ETF,PULLBACK_LEADER,PULLBACK_LEADER,2026-09-15,8,0,0.7077272727272728,0.09587704984193557,0.2484670776202984,0.4438058234491491,0.08122038074292562,2026-09-17T00:07:00.250544+00:00
NEM,Gold_Miners,Newmont,NEUTRAL,NEUTRAL,2026-09-15,0,0,0.6779545454545455,0.05400246632547534,0.18477952739047354,0.07937580850336479,0.01830498594777067,2026-09-17T00:07:00.250544+00:00
AEM,Gold_Miners,Agnico Eagle,NEUTRAL,NEUTRAL,2026-09-15,0,0,0.6231818181818182,0.0651045664410842,0.1698085653597965,0.15415125016963277,0.02281017169021771,2026-09-17T00:07:00.250544+00:00
GDX,Gold_Miners,Gold Miners ETF,NEUTRAL,NEUTRAL,2026-09-15,0,0,0.5915909090909091,0.04415249210935068,0.12656932654289754,0.031478421220773684,0.007076264443768008,2026-09-17T00:07:00.250544+00:00
6861.T,Industrials,Keyence,WEAKENING,WEAKENING,2026-09-16,0,0,0.525,-0.04173027528394524,0.08274101176626258,-0.4538787148820418,-0.13508199889483935,2026-09-17T00:07:00.250544+00:00
6645.T,Industrials,Omron,NEUTRAL,NEUTRAL,2026-09-16,0,0,0.5218181818181818,-0.07842500260278751,0.07231505180636433,-0.5193323763665493,-0.09717472069487475,2026-09-17T00:07:00.250544+00:00
6273.T,Industrials,SMC,WEAKENING,WEAKENING,2026-09-16,0,0,0.47500000000000003,-0.05169103770140537,0.027172673291887994,-0.44336224623442366,-0.08582297524112273,2026-09-17T00:07:00.250544+00:00
SIE.DE,Industrials,Siemens,WEAKENING,WEAKENING,2026-09-15,0,0,0.4377272727272728,-0.04937877817679204,-0.06443922878599895,-0.7089324258394171,-0.3862914673082613,2026-09-17T00:07:00.250544+00:00
XLI,Industrials,Industrials ETF,WEAKENING,WEAKENING,2026-09-15,0,0,0.425,-0.07398787791364159,-0.07862870401776245,-0.7920577569554492,-1.372849691800738,2026-09-17T00:07:00.250544+00:00
6954.T,Industrials,FANUC,WEAKENING,WEAKENING,2026-09-16,0,0,0.3972727272727273,-0.03158575494441895,-0.12611722636003853,-0.47085022477802996,-0.0765091506066415,2026-09-17T00:07:00.250544+00:00
BOTZ,Industrials,Robotics AI ETF,WEAKENING,WEAKENING,2026-09-15,0,0,0.3865909090909091,-0.06457132804005516,-0.11128257628660598,-0.7598432569857112,-0.4842801844038335,2026-09-17T00:07:00.250544+00:00
ROBO,Industrials,Robotics Automation ETF,WEAKENING,WEAKENING,2026-09-15,0,0,0.35068181818181815,-0.06947227290577207,-0.11600621105299314,-0.7776041022356962,-0.5911125072877869,2026-09-17T00:07:00.250544+00:00
URI,Industrials,United Rentals,WEAKENING,WEAKENING,2026-09-15,0,0,0.3122727272727273,-0.13105458510928247,-0.0941026388039331,-1.3026791515113332,-0.9969979983640722,2026-09-17T00:07:00.250544+00:00
CAT,Industrials,Caterpillar,WEAKENING,WEAKENING,2026-09-15,0,0,0.30272727272727273,-0.0915044931931479,-0.21797716367583464,-1.006265522249807,-0.4823614139809032,2026-09-17T00:07:00.250544+00:00
6506.T,Industrials,Yaskawa Electric,WEAKENING,WEAKENING,2026-09-16,0,0,0.21545454545454545,-0.10409521304001768,-0.28383418169728847,-1.2194334676069636,-0.5102880090423365,2026-09-17T00:07:00.250544+00:00
META,Internet_AI,Meta,PERSISTENT,PERSISTENT,2026-09-15,8,0,0.8511363636363636,0.1977638808579164,0.14688974425392742,1.341727713614038,0.9414713015400413,2026-09-17T00:07:00.250544+00:00
0700.HK,Internet_AI,Tencent,NEUTRAL,NEUTRAL,2026-09-16,0,0,0.5286363636363637,0.023424149823433216,-0.024416496557985612,-0.30572737991587917,-0.05657560247397656,2026-09-17T00:07:00.250544+00:00
KWEB,Internet_AI,China Internet ETF,WEAKENING,WEAKENING,2026-09-15,0,0,0.3238636363636364,-0.07187570590938475,-0.04437296937152446,-0.8132152783483237,-0.6936842150950208,2026-09-17T00:07:00.250544+00:00
6981.T,MLCC,Murata,EMERGING,EMERGING,2026-09-16,1,0,0.5572727272727274,0.04600702537904611,-0.26130202496836186,0.0009789152090414754,0.020545953825630445,2026-09-17T00:07:00.250544+00:00
6976.T,MLCC,Taiyo Yuden,WEAKENING,WEAKENING,2026-09-16,0,0,0.42840909090909096,-0.02052426420099962,-0.4148457265342268,-0.8531674223407644,-0.011358068484309359,2026-09-17T00:07:00.250544+00:00
009150.KS,MLCC,Samsung Electro-Mechanics,WEAKENING,WEAKENING,2026-09-16,0,0,0.3968181818181818,-0.050107159773272736,-0.15192192615146682,-0.43809002224466975,-0.00021969819962446935,2026-09-17T00:07:00.250544+00:00
FXI,Market_CN,China Large-Cap ETF,WEAKENING,WEAKENING,2026-09-15,0,0,0.5947727272727273,-0.00016739113727226584,0.018771077516660073,-0.21972236785108332,-0.058050829787144057,2026-09-17T00:07:00.250544+00:00
MCHI,Market_CN,China ETF,WEAKENING,WEAKENING,2026-09-15,0,0,0.4668181818181819,-0.01927279494456835,-0.011609014045064425,-0.363452814806783,-0.34204407414304283,2026-09-17T00:07:00.250544+00:00
EEM,Market_EM,Emerging Markets ETF,WEAKENING,WEAKENING,2026-09-15,0,0,0.5222727272727272,-0.0033973266371577493,-0.08531724063360235,-0.2285325262597535,-0.04213765967724099,2026-09-17T00:07:00.250544+00:00
EWU,Market_EU,United Kingdom ETF,NEUTRAL,NEUTRAL,2026-09-15,0,0,0.6011363636363635,0.012300446974471524,0.03721180252791334,-0.09151536996957764,-0.02109752889863419,2026-09-17T00:07:00.250544+00:00
EWG,Market_EU,Germany ETF,WEAKENING,WEAKENING,2026-09-15,0,0,0.5868181818181818,-0.012754037230040427,0.01006356050406354,-0.29986025865549026,-0.26319569800427456,2026-09-17T00:07:00.250544+00:00
FEZ,Market_EU,Eurozone ETF,WEAKENING,WEAKENING,2026-09-15,0,0,0.5397727272727274,-0.025976101660492246,-0.019019165309090202,-0.4058420168804478,-0.6715012944203514,2026-09-17T00:07:00.250544+00:00
VGK,Market_EU,Europe ETF,WEAKENING,WEAKENING,2026-09-15,0,0,0.5165909090909091,-0.014317827974133723,-0.0064450717081101505,-0.30373530208962396,-0.36825720910399184,2026-09-17T00:07:00.250544+00:00
EWQ,Market_EU,France ETF,WEAKENING,WEAKENING,2026-09-15,0,0,0.41886363636363644,-0.040682635274113865,-0.04744256227339139,-0.5134873509920316,-1.097080472700645,2026-09-17T00:07:00.250544+00:00
VT,Market_Global,Vanguard Total World ETF,WEAKENING,WEAKENING,2026-09-15,0,0,0.6231818181818182,-0.0037059069955028834,-0.011915233755731336,-0.21392754260379734,-0.18201421568943282,2026-09-17T00:07:00.250544+00:00
ACWI,Market_Global,MSCI ACWI ETF,WEAKENING,WEAKENING,2026-09-15,0,0,0.6090909090909091,-0.002655433245136174,-0.011345888078249544,-0.20497764707330315,-0.16638977830433302,2026-09-17T00:07:00.250544+00:00
EWH,Market_HK,Hong Kong ETF,NEUTRAL,NEUTRAL,2026-09-15,0,0,0.6206818181818182,0.018886238238619346,0.04165896128633295,-0.06850710545210446,-0.00010436080153663578,2026-09-17T00:07:00.250544+00:00
EWJ,Market_JP,Japan ETF,NEUTRAL,NEUTRAL,2026-09-15,0,0,0.6068181818181818,0.0070425283314401455,-0.007405635872178351,-0.13921774429577732,-0.020106625061232168,2026-09-17T00:07:00.250544+00:00
EWY,Market_KR,South Korea ETF,WEAKENING,WEAKENING,2026-09-15,0,0,0.39249999999999996,-0.02673985611822094,-0.2091068792478019,-0.506929421472925,-0.030859285407828795,2026-09-17T00:07:00.250544+00:00
SPY,Market_US,S&P 500,NEUTRAL,NEUTRAL,2026-09-15,0,0,0.6402272727272728,0.0,0.0,-0.18476513100847414,-0.16064428566636202,2026-09-17T00:07:00.250544+00:00
000660.KS,Memory,SK Hynix,NEUTRAL,NEUTRAL,2026-09-16,0,0,0.5163636363636364,0.052377135421177945,-0.12053284075132575,1.054135633176036,0.21534609790348996,2026-09-17T00:07:00.250544+00:00
005930.KS,Memory,Samsung Electronics,WEAKENING,WEAKENING,2026-09-16,0,0,0.4329545454545455,-0.03917838882355207,-0.029346580695016944,-0.02195363600860814,0.006080649580168753,2026-09-17T00:07:00.250544+00:00
MU,Memory,Micron,WEAKENING,WEAKENING,2026-09-15,0,0,0.3590909090909091,-0.06339720193621101,-0.19613955866014188,-0.8589847203118635,-0.09228598453334576,2026-09-17T00:07:00.250544+00:00
SNDK,Memory,SanDisk,WEAKENING,WEAKENING,2026-09-15,0,0,0.23227272727272727,-0.12346813164408743,-0.3135433983758602,-1.4170500417413543,-0.1904427365624025,2026-09-17T00:07:00.250544+00:00
WDC,Memory,Western Digital,WEAKENING,WEAKENING,2026-09-15,0,0,0.19045454545454546,-0.2114100363187199,-0.4620297870363699,-2.0818248000495703,-0.6233802124294598,2026-09-17T00:07:00.250544+00:00
CEG,Nuclear_Power,Constellation Energy,WEAKENING,WEAKENING,2026-09-15,0,0,0.4247727272727273,-0.04460434640921096,-0.06450819373862504,-0.6119394775260685,-0.08692502146391949,2026-09-17T00:07:00.250544+00:00
LLY,Pharma,Eli Lilly,WEAKENING,WEAKENING,2026-09-15,0,0,0.5731818181818182,-0.019990885708446426,0.021391698362082323,-0.41280243208113654,-0.0694337268584254,2026-09-17T00:07:00.250544+00:00
NVO,Pharma,Novo Nordisk,WEAKENING,WEAKENING,2026-09-15,0,0,0.44136363636363646,-0.03258636085684241,-0.016960262832834694,-0.4982230345572495,-0.08369417717160432,2026-09-17T00:07:00.250544+00:00
VST,Power,Vistra,WEAKENING,WEAKENING,2026-09-15,0,0,0.47818181818181815,-0.011570715652094887,-0.1487463484053334,-0.33975004643831863,-0.02679512039407581,2026-09-17T00:07:00.250544+00:00
NRG,Power,NRG Energy,WEAKENING,WEAKENING,2026-09-15,0,0,0.25681818181818183,-0.11408083150718262,-0.22671405439791814,-1.1984329624715002,-0.27112918885622206,2026-09-17T00:07:00.250544+00:00
6501.T,Power_Grid,Hitachi,EMERGING,EMERGING,2026-09-16,2,0,0.6820454545454547,0.0058097919083308636,0.20492363914368428,0.129970412989761,0.03272357525931109,2026-09-17T00:07:00.250544+00:00
ABBN.SW,Power_Grid,ABB,WEAKENING,WEAKENING,2026-09-16,0,0,0.49659090909090914,-0.0416384855575449,-0.13128393768208368,-0.28524651031481363,-0.03331236240228369,2026-09-17T00:07:00.250544+00:00
NEX.PA,Power_Grid,Nexans,WEAKENING,WEAKENING,2026-09-15,0,0,0.4556818181818182,-0.019363242417140603,-0.1530440790365093,-0.5403014485674613,-0.07361408481075697,2026-09-17T00:07:00.250544+00:00
EMR,Power_Grid,Emerson Electric,WEAKENING,WEAKENING,2026-09-15,0,0,0.43159090909090914,-0.07309704454954169,-0.035246279219495524,-0.830042137348435,-0.4100051808280306,2026-09-17T00:07:00.250544+00:00
GRID,Power_Grid,Smart Grid ETF,WEAKENING,WEAKENING,2026-09-15,0,0,0.42204545454545456,-0.06706374342836852,-0.12322536516346083,-0.7528651563677294,-0.47744095618780225,2026-09-17T00:07:00.250544+00:00
PAVE,Power_Grid,US Infrastructure ETF,WEAKENING,WEAKENING,2026-09-15,0,0,0.3770454545454545,-0.08051390790293089,-0.11035730648136977,-0.8434192512910812,-1.0500960452334855,2026-09-17T00:07:00.250544+00:00
IFRA,Power_Grid,US Infrastructure ETF,WEAKENING,WEAKENING,2026-09-15,0,0,0.37340909090909097,-0.06254389711484887,-0.09480504303918791,-0.725013195012068,-1.2988170985644432,2026-09-17T00:07:00.250544+00:00
SU.PA,Power_Grid,Schneider Electric,WEAKENING,WEAKENING,2026-09-15,0,0,0.3652272727272728,-0.07447412002378839,-0.05164496639534932,-0.9431961934842541,-0.3347916416947316,2026-09-17T00:07:00.250544+00:00
6503.T,Power_Grid,Mitsubishi Electric,WEAKENING,WEAKENING,2026-09-16,0,0,0.35750000000000004,-0.09542183284846462,-0.04816825773453026,-0.783045167136387,-0.2719476158454176,2026-09-17T00:07:00.250544+00:00
ETN,Power_Grid,Eaton,WEAKENING,WEAKENING,2026-09-15,0,0,0.3422727272727273,-0.11856438007467618,-0.08160809825899795,-1.1790536469126152,-0.36085615762764894,2026-09-17T00:07:00.250544+00:00
PRY.MI,Power_Grid,Prysmian,WEAKENING,WEAKENING,2026-09-15,0,0,0.3175,-0.06418822160047999,-0.2279782860540046,-0.9303372579778006,-0.16216958448906008,2026-09-17T00:07:00.250544+00:00
PWR,Power_Grid,Quanta Services,WEAKENING,WEAKENING,2026-09-15,0,0,0.2909090909090909,-0.1310738465105642,-0.1407216814049257,-1.3175471148486608,-0.5192980257016098,2026-09-17T00:07:00.250544+00:00
HUBB,Power_Grid,Hubbell,WEAKENING,WEAKENING,2026-09-16,0,0,0.25840909090909087,-0.10794813719817842,-0.17428243037585045,-0.8072991919470442,-0.45712137144401144,2026-09-17T00:07:00.250544+00:00
NVT,Power_Grid,nVent Electric,WEAKENING,WEAKENING,2026-09-15,0,0,0.22204545454545457,-0.1518287827049467,-0.1838789884722294,-1.460100635392119,-0.34829939837718604,2026-09-17T00:07:00.250544+00:00
GEV,Power_Grid,GE Vernova,WEAKENING,WEAKENING,2026-09-15,0,0,0.2125,-0.16205022413145886,-0.21874418454434075,-1.5584826387007409,-0.5206311090359073,2026-09-17T00:07:00.250544+00:00
5802.T,Power_Grid,Sumitomo Electric,WEAKENING,WEAKENING,2026-09-16,0,0,0.20022727272727275,-0.11650221286068296,-0.29923552081481064,-0.8530161145489452,-0.09491739495859743,2026-09-17T00:07:00.250544+00:00
ENR.DE,Power_Grid,Siemens Energy,WEAKENING,WEAKENING,2026-09-15,0,0,0.19363636363636363,-0.1491806978760183,-0.2057068983206416,-1.570218570108908,-0.6962151714000255,2026-09-17T00:07:00.250544+00:00
QCOM,Semiconductor,Qualcomm,EMERGING,EMERGING,2026-09-15,7,0,0.7356818181818182,0.18405048302514915,-0.17917240849334404,1.0308991338898117,1.062257996085366,2026-09-17T00:07:00.250544+00:00
INTC,Semiconductor,Intel,WEAKENING,WEAKENING,2026-09-15,0,0,0.3613636363636364,-0.04158302916486245,-0.28928258320323186,-0.7109174187079803,-0.04057977697340958,2026-09-17T00:07:00.250544+00:00
SMH,Semiconductor,Semiconductor ETF,WEAKENING,WEAKENING,2026-09-15,0,0,0.35000000000000003,-0.06768893339774218,-0.19273389664951557,-0.7855212071523316,-0.2439345417173833,2026-09-17T00:07:00.250544+00:00
SOXX,Semiconductor,Semiconductor ETF,WEAKENING,WEAKENING,2026-09-15,0,0,0.29181818181818187,-0.08743553511152269,-0.23362845854780145,-0.9783025350729011,-0.3053953373895003,2026-09-17T00:07:00.250544+00:00
6723.T,Semiconductor,Renesas Electronics,WEAKENING,WEAKENING,2026-09-16,0,0,0.24340909090909094,-0.11231620187266877,-0.22454872381509305,-0.7486486262905642,-0.15340983316716367,2026-09-17T00:07:00.250544+00:00
IFX.DE,Semiconductor,Infineon Technologies,WEAKENING,WEAKENING,2026-09-15,0,0,0.21750000000000003,-0.08941944794432033,-0.3598525024743995,-1.2290168112539108,-0.22802414217131933,2026-09-17T00:07:00.250544+00:00
STMPA.PA,Semiconductor,STMicroelectronics,WEAKENING,WEAKENING,2026-09-15,0,0,0.1622727272727273,-0.11442183731046751,-0.3898616421765594,-1.4643988977702045,-0.47436420020579867,2026-09-17T00:07:00.250544+00:00
7735.T,Semiconductor_Equipment,SCREEN Holdings,WEAKENING,WEAKENING,2026-09-16,0,0,0.3865909090909091,-0.054597829277768795,-0.16601161754283633,-0.5793457211625518,-0.04293153993367531,2026-09-17T00:07:00.250544+00:00
6857.T,Semiconductor_Equipment,Advantest,WEAKENING,WEAKENING,2026-09-16,0,0,0.37000000000000005,-0.10000421779894775,0.05921638927502526,-1.1493899645073713,-0.22724967750518762,2026-09-17T00:07:00.250544+00:00
8035.T,Semiconductor_Equipment,Tokyo Electron,WEAKENING,WEAKENING,2026-09-16,0,0,0.31363636363636366,-0.042684524149745995,-0.21889693394428456,-0.6722208432353393,-0.12170660398072015,2026-09-17T00:07:00.250544+00:00
ASML,Semiconductor_Equipment,ASML,WEAKENING,WEAKENING,2026-09-15,0,0,0.2736363636363637,-0.13509510566644878,-0.18845764444540425,-1.3373652280765476,-0.6132913246650804,2026-09-17T00:07:00.250544+00:00
ASM.AS,Semiconductor_Equipment,ASM International,WEAKENING,WEAKENING,2026-09-15,0,0,0.21795454545454548,-0.13556921546202905,-0.29694970685580757,-1.4885373577167609,-0.5184030830272311,2026-09-17T00:07:00.250544+00:00
6146.T,Semiconductor_Equipment,Disco,WEAKENING,WEAKENING,2026-09-16,0,0,0.21204545454545454,-0.11667423140885635,-0.28558601364089276,-1.397400933322229,-0.7371884588051398,2026-09-17T00:07:00.250544+00:00
TER,Semiconductor_Equipment,Teradyne,WEAKENING,WEAKENING,2026-09-15,0,0,0.20613636363636365,-0.22881889969094005,-0.2538997391488632,-2.1383052447452067,-0.5001826067996373,2026-09-17T00:07:00.250544+00:00
LRCX,Semiconductor_Equipment,Lam Research,WEAKENING,WEAKENING,2026-09-15,0,0,0.17090909090909093,-0.1924452634547098,-0.3180097394631798,-1.8684361724384269,-0.5712144567669193,2026-09-17T00:07:00.250544+00:00
BESI.AS,Semiconductor_Equipment,BE Semiconductor Industries,WEAKENING,WEAKENING,2026-09-15,0,0,0.14909090909090908,-0.22454441229750732,-0.4414601277871687,-2.3371386745254368,-1.171618998610844,2026-09-17T00:07:00.250544+00:00
KLAC,Semiconductor_Equipment,KLA,WEAKENING,WEAKENING,2026-09-15,0,0,0.11636363636363636,-0.16364198857987333,-0.36620413427168286,-1.6881476052003983,-0.5910314329014541,2026-09-17T00:07:00.250544+00:00
AMAT,Semiconductor_Equipment,Applied Materials,WEAKENING,WEAKENING,2026-09-15,0,0,0.11,-0.19260539899981555,-0.3310444680531165,-1.9207623804260776,-1.0208021003573005,2026-09-17T00:07:00.250544+00:00
4063.T,Semiconductor_Materials,Shin-Etsu Chemical,WEAKENING,WEAKENING,2026-09-16,0,0,0.4740909090909091,-0.029005319130570806,-0.1122079829972934,-0.5105869768131399,-0.2574923844114563,2026-09-17T00:07:00.250544+00:00
4004.T,Semiconductor_Materials,Resonac Holdings,WEAKENING,WEAKENING,2026-09-16,0,0,0.20409090909090913,-0.13339441876868197,-0.1454902863962887,-1.053144966263464,-0.1351744486806345,2026-09-17T00:07:00.250544+00:00
MATX,Shipping,Matson,PERSISTENT,PERSISTENT,2026-09-15,5,0,0.9202272727272728,0.10456758371026165,0.23569610825580423,0.5643232645212211,0.6000929624123461,2026-09-17T00:07:00.250544+00:00
MAERSK-B.CO,Shipping,Maersk,PERSISTENT,PERSISTENT,2026-09-15,6,0,0.9181818181818182,0.10220695152350712,0.4523529769353001,0.4095672452984518,0.1264225575530247,2026-09-17T00:07:00.250544+00:00
BOAT,Shipping,Global Shipping ETF,PERSISTENT,PERSISTENT,2026-09-15,8,0,0.9154545454545456,0.11799170548376126,0.29886332623646505,0.6606141962325367,0.6436049758727472,2026-09-17T00:07:00.250544+00:00
DAC,Shipping,Danaos,PERSISTENT,PERSISTENT,2026-09-15,8,0,0.905,0.11076540921468425,0.2618166351688185,0.615026329363164,0.6489909586574053,2026-09-17T00:07:00.250544+00:00
9107.T,Shipping,Kawasaki Kisen,PERSISTENT,PERSISTENT,2026-09-16,4,0,0.8345454545454545,0.1366295269649498,0.47612024155623167,0.5942847219143157,0.18818301521924455,2026-09-17T00:07:00.250544+00:00
SBLK,Shipping,Star Bulk,PULLBACK_LEADER,PULLBACK_LEADER,2026-09-15,6,0,0.8259090909090909,0.08901018035594543,0.232280848933077,0.1937158119821565,0.149773838095942,2026-09-17T00:07:00.250544+00:00
9101.T,Shipping,Nippon Yusen,PERSISTENT,PERSISTENT,2026-09-16,4,0,0.8245454545454546,0.1252798073407464,0.5131107542043619,0.584269498528627,0.3173263250335413,2026-09-17T00:07:00.250544+00:00
9104.T,Shipping,Mitsui OSK Lines,PERSISTENT,PERSISTENT,2026-09-16,4,0,0.8031818181818182,0.07987445098622348,0.44353232153619737,0.04810185058386354,0.03125082519808422,2026-09-17T00:07:00.250544+00:00
HLAG.DE,Shipping,Hapag-Lloyd,PERSISTENT,PERSISTENT,2026-09-15,3,0,0.8004545454545455,0.05693152313582961,0.20569740845648754,0.08339297782063759,0.019354207358310577,2026-09-17T00:07:00.250544+00:00
ZIM,Shipping,ZIM,NEUTRAL,NEUTRAL,2026-09-15,0,0,0.680909090909091,0.046155280422254585,0.2006105924729502,0.11955901663232418,0.01924547047699629,2026-09-17T00:07:00.250544+00:00
1919.HK,Shipping,COSCO Shipping Holdings,NEUTRAL,NEUTRAL,2026-09-16,0,0,0.6388636363636364,0.008208225909368871,0.16587859300811414,-0.2720672322526484,-0.011896547408956003,2026-09-17T00:07:00.250544+00:00
SAP.DE,Software,SAP,PERSISTENT,PERSISTENT,2026-09-15,4,0,0.7754545454545455,0.07563011633027439,0.42287678582286015,0.1581145220090907,0.047074910579246336,2026-09-17T00:07:00.250544+00:00
IGV,Software,Software ETF,PERSISTENT,PERSISTENT,2026-09-15,4,0,0.7731818181818181,0.0546809772074498,0.1704950452647922,0.1798908945256189,0.028668945192460965,2026-09-17T00:07:00.250544+00:00
WCLD,Software,Cloud Software ETF,PERSISTENT,PERSISTENT,2026-09-15,4,0,0.7668181818181818,0.054977898651287105,0.3789697594908723,0.0931705208773502,0.026418228089044683,2026-09-17T00:07:00.250544+00:00
PLTR,Software_AI,Palantir,PERSISTENT,PERSISTENT,2026-09-15,4,0,0.7436363636363637,0.019833465107989556,0.328930906564733,-0.21261649208811,4.494343462801552e-08,2026-09-17T00:07:00.250544+00:00
URA,Uranium,Uranium ETF,WEAKENING,WEAKENING,2026-09-15,0,0,0.3497727272727273,-0.0571305245036956,-0.14004684030742587,-0.7530296161787677,-0.08133681574013722,2026-09-17T00:07:00.250544+00:00
CCJ,Uranium,Cameco,WEAKENING,WEAKENING,2026-09-15,0,0,0.34818181818181815,-0.05498609867679605,-0.1577496678444903,-0.727422438218186,-0.08516069315040306,2026-09-17T00:07:00.250544+00:00
UEC,Uranium,Uranium Energy,WEAKENING,WEAKENING,2026-09-15,0,0,0.29795454545454547,-0.06885469579981507,-0.1666350382313475,-0.9273065904940404,-0.043039895260897,2026-09-17T00:07:00.250544+00:00
XLU,Utilities,Utilities ETF,WEAKENING,WEAKENING,2026-09-15,0,0,0.44159090909090915,-0.0449596449269094,-0.08522160719092842,-0.5545309660829084,-0.671855146521509,2026-09-17T00:07:00.250544+00:00
