ticker,name,industry_cluster,region,universe_layer,issuer_id
MMM,3M,Industrial Conglomerates,US,DISCOVERY,66740
AOS,A. O. Smith,Building Products,US,DISCOVERY,91142
ABT,Abbott Laboratories,Health Care Equipment,US,DISCOVERY,1800
ABBV,AbbVie,Biotechnology,US,DISCOVERY,1551152
ACN,Accenture,IT Consulting & Other Services,US,DISCOVERY,1467373
ADBE,Adobe Inc.,Application Software,US,DISCOVERY,796343
AMD,Advanced Micro Devices,Semiconductors,US,DISCOVERY,2488
AES,AES Corporation,Independent Power Producers & Energy Traders,US,DISCOVERY,874761
AFL,Aflac,Life & Health Insurance,US,DISCOVERY,4977
A,Agilent Technologies,Life Sciences Tools & Services,US,DISCOVERY,1090872
APD,Air Products,Industrial Gases,US,DISCOVERY,2969
ABNB,Airbnb,"Hotels, Resorts & Cruise Lines",US,DISCOVERY,1559720
AKAM,Akamai Technologies,Internet Services & Infrastructure,US,DISCOVERY,1086222
ALB,Albemarle Corporation,Specialty Chemicals,US,DISCOVERY,915913
ARE,Alexandria Real Estate Equities,Office REITs,US,DISCOVERY,1035443
ALGN,Align Technology,Health Care Supplies,US,DISCOVERY,1097149
ALLE,Allegion,Building Products,US,DISCOVERY,1579241
LNT,Alliant Energy,Electric Utilities,US,DISCOVERY,352541
ALL,Allstate,Property & Casualty Insurance,US,DISCOVERY,899051
GOOGL,Alphabet Inc. (Class A),Interactive Media & Services,US,DISCOVERY,1652044
GOOG,Alphabet Inc. (Class C),Interactive Media & Services,US,DISCOVERY,1652044
MO,Altria,Tobacco,US,DISCOVERY,764180
AMZN,Amazon,Broadline Retail,US,DISCOVERY,1018724
AMCR,Amcor,Paper & Plastic Packaging Products & Materials,US,DISCOVERY,1748790
AEE,Ameren,Multi-Utilities,US,DISCOVERY,1002910
AEP,American Electric Power,Electric Utilities,US,DISCOVERY,4904
AXP,American Express,Consumer Finance,US,DISCOVERY,4962
AIG,American International Group,Multi-line Insurance,US,DISCOVERY,5272
AMT,American Tower,Telecom Tower REITs,US,DISCOVERY,1053507
AWK,American Water Works,Water Utilities,US,DISCOVERY,1410636
AMP,Ameriprise Financial,Asset Management & Custody Banks,US,DISCOVERY,820027
AME,Ametek,Electrical Components & Equipment,US,DISCOVERY,1037868
AMGN,Amgen,Biotechnology,US,DISCOVERY,318154
APH,Amphenol,Electronic Components,US,DISCOVERY,820313
ADI,Analog Devices,Semiconductors,US,DISCOVERY,6281
AON,Aon plc,Insurance Brokers,US,DISCOVERY,315293
APA,APA Corporation,Oil & Gas Exploration & Production,US,DISCOVERY,1841666
APO,Apollo Global Management,Asset Management & Custody Banks,US,DISCOVERY,1858681
AAPL,Apple Inc.,"Technology Hardware, Storage & Peripherals",US,DISCOVERY,320193
AMAT,Applied Materials,Semiconductor Materials & Equipment,US,DISCOVERY,6951
APP,AppLovin,Advertising,US,DISCOVERY,1751008
APTV,Aptiv,Automotive Parts & Equipment,US,DISCOVERY,1521332
ACGL,Arch Capital Group,Property & Casualty Insurance,US,DISCOVERY,947484
ADM,Archer Daniels Midland,Agricultural Products & Services,US,DISCOVERY,7084
ARES,Ares Management,Asset Management & Custody Banks,US,DISCOVERY,1176948
ANET,Arista Networks,Communications Equipment,US,DISCOVERY,1596532
AJG,Arthur J. Gallagher & Co.,Insurance Brokers,US,DISCOVERY,354190
AIZ,Assurant,Multi-line Insurance,US,DISCOVERY,1267238
T,AT&T,Integrated Telecommunication Services,US,DISCOVERY,732717
ATO,Atmos Energy,Gas Utilities,US,DISCOVERY,731802
ADSK,Autodesk,Application Software,US,DISCOVERY,769397
ADP,Automatic Data Processing,Human Resource & Employment Services,US,DISCOVERY,8670
AZO,AutoZone,Automotive Retail,US,DISCOVERY,866787
AVY,Avery Dennison,Paper & Plastic Packaging Products & Materials,US,DISCOVERY,8818
AXON,Axon Enterprise,Aerospace & Defense,US,DISCOVERY,1069183
BKR,Baker Hughes,Oil & Gas Equipment & Services,US,DISCOVERY,1701605
BALL,Ball Corporation,"Metal, Glass & Plastic Containers",US,DISCOVERY,9389
BAC,Bank of America,Diversified Banks,US,DISCOVERY,70858
BAX,Baxter International,Health Care Equipment,US,DISCOVERY,10456
BDX,Becton Dickinson,Health Care Equipment,US,DISCOVERY,10795
BRK-B,Berkshire Hathaway,Multi-Sector Holdings,US,DISCOVERY,1067983
BBY,Best Buy,Computer & Electronics Retail,US,DISCOVERY,764478
TECH,Bio-Techne,Life Sciences Tools & Services,US,DISCOVERY,842023
BIIB,Biogen,Biotechnology,US,DISCOVERY,875045
BLK,BlackRock,Asset Management & Custody Banks,US,DISCOVERY,2012383
BX,Blackstone Inc.,Asset Management & Custody Banks,US,DISCOVERY,1393818
XYZ,"Block, Inc.",Transaction & Payment Processing Services,US,DISCOVERY,1512673
BNY,BNY Mellon,Asset Management & Custody Banks,US,DISCOVERY,1390777
BA,Boeing,Aerospace & Defense,US,DISCOVERY,12927
BKNG,Booking Holdings,"Hotels, Resorts & Cruise Lines",US,DISCOVERY,1075531
BSX,Boston Scientific,Health Care Equipment,US,DISCOVERY,885725
BMY,Bristol Myers Squibb,Pharmaceuticals,US,DISCOVERY,14272
AVGO,Broadcom,Semiconductors,US,DISCOVERY,1730168
BR,Broadridge Financial Solutions,Data Processing & Outsourced Services,US,DISCOVERY,1383312
BRO,Brown & Brown,Insurance Brokers,US,DISCOVERY,79282
BF-B,Brown–Forman,Distillers & Vintners,US,DISCOVERY,14693
BLDR,Builders FirstSource,Building Products,US,DISCOVERY,1316835
BG,Bunge Global,Agricultural Products & Services,US,DISCOVERY,1996862
BXP,"BXP, Inc.",Office REITs,US,DISCOVERY,1037540
CHRW,C.H. Robinson,Air Freight & Logistics,US,DISCOVERY,1043277
CDNS,Cadence Design Systems,Application Software,US,DISCOVERY,813672
CPT,Camden Property Trust,Multi-Family Residential REITs,US,DISCOVERY,906345
COF,Capital One,Consumer Finance,US,DISCOVERY,927628
CAH,Cardinal Health,Health Care Distributors,US,DISCOVERY,721371
CCL,Carnival Corporation,"Hotels, Resorts & Cruise Lines",US,DISCOVERY,815097
CARR,Carrier Global,Building Products,US,DISCOVERY,1783180
CVNA,Carvana,Automotive Retail,US,DISCOVERY,1690820
CASY,Casey's,Food Retail,US,DISCOVERY,726958
CAT,Caterpillar Inc.,Construction Machinery & Heavy Transportation Equipment,US,DISCOVERY,18230
CBOE,Cboe Global Markets,Financial Exchanges & Data,US,DISCOVERY,1374310
CBRE,CBRE Group,Real Estate Services,US,DISCOVERY,1138118
CDW,CDW Corporation,Technology Distributors,US,DISCOVERY,1402057
COR,Cencora,Health Care Distributors,US,DISCOVERY,1140859
CNC,Centene Corporation,Managed Health Care,US,DISCOVERY,1071739
CNP,CenterPoint Energy,Multi-Utilities,US,DISCOVERY,1130310
CF,CF Industries,Fertilizers & Agricultural Chemicals,US,DISCOVERY,1324404
CRL,Charles River Laboratories,Life Sciences Tools & Services,US,DISCOVERY,1100682
SCHW,Charles Schwab Corporation,Investment Banking & Brokerage,US,DISCOVERY,316709
CHTR,Charter Communications,Cable & Satellite,US,DISCOVERY,1091667
CVX,Chevron Corporation,Integrated Oil & Gas,US,DISCOVERY,93410
CMG,Chipotle Mexican Grill,Restaurants,US,DISCOVERY,1058090
CB,Chubb Limited,Property & Casualty Insurance,US,DISCOVERY,896159
CHD,Church & Dwight,Household Products,US,DISCOVERY,313927
CIEN,Ciena,Communications Equipment,US,DISCOVERY,936395
CI,Cigna,Health Care Services,US,DISCOVERY,1739940
CINF,Cincinnati Financial,Property & Casualty Insurance,US,DISCOVERY,20286
CTAS,Cintas,Diversified Support Services,US,DISCOVERY,723254
CSCO,Cisco,Communications Equipment,US,DISCOVERY,858877
C,Citigroup,Diversified Banks,US,DISCOVERY,831001
CFG,Citizens Financial Group,Regional Banks,US,DISCOVERY,759944
CLX,Clorox,Household Products,US,DISCOVERY,21076
CME,CME Group,Financial Exchanges & Data,US,DISCOVERY,1156375
CMS,CMS Energy,Multi-Utilities,US,DISCOVERY,811156
KO,Coca-Cola Company (The),Soft Drinks & Non-alcoholic Beverages,US,DISCOVERY,21344
CTSH,Cognizant,IT Consulting & Other Services,US,DISCOVERY,1058290
COHR,Coherent Corp.,Electronic Components,US,DISCOVERY,820318
COIN,Coinbase,Financial Exchanges & Data,US,DISCOVERY,1679788
CL,Colgate-Palmolive,Household Products,US,DISCOVERY,21665
CMCSA,Comcast,Cable & Satellite,US,DISCOVERY,1166691
FIX,Comfort Systems USA,Construction & Engineering,US,DISCOVERY,1035983
COP,ConocoPhillips,Oil & Gas Exploration & Production,US,DISCOVERY,1163165
ED,Consolidated Edison,Multi-Utilities,US,DISCOVERY,1047862
STZ,Constellation Brands,Distillers & Vintners,US,DISCOVERY,16918
CEG,Constellation Energy,Electric Utilities,US,DISCOVERY,1868275
COO,Cooper Companies (The),Health Care Supplies,US,DISCOVERY,711404
CPRT,Copart,Diversified Support Services,US,DISCOVERY,900075
GLW,Corning Inc.,Electronic Components,US,DISCOVERY,24741
CPAY,Corpay,Transaction & Payment Processing Services,US,DISCOVERY,1175454
CTVA,Corteva,Fertilizers & Agricultural Chemicals,US,DISCOVERY,1755672
CSGP,CoStar Group,Real Estate Services,US,DISCOVERY,1057352
COST,Costco,Consumer Staples Merchandise Retail,US,DISCOVERY,909832
CRH,CRH plc,Construction Materials,US,DISCOVERY,849395
CRWD,CrowdStrike,Systems Software,US,DISCOVERY,1535527
CCI,Crown Castle,Telecom Tower REITs,US,DISCOVERY,1051470
CSX,CSX Corporation,Rail Transportation,US,DISCOVERY,277948
CMI,Cummins,Construction Machinery & Heavy Transportation Equipment,US,DISCOVERY,26172
CVS,CVS Health,Health Care Services,US,DISCOVERY,64803
DHR,Danaher Corporation,Life Sciences Tools & Services,US,DISCOVERY,313616
DRI,Darden Restaurants,Restaurants,US,DISCOVERY,940944
DDOG,Datadog,Application Software,US,DISCOVERY,1561550
DVA,DaVita,Health Care Services,US,DISCOVERY,927066
DECK,Deckers Brands,Footwear,US,DISCOVERY,910521
DE,Deere & Company,Agricultural & Farm Machinery,US,DISCOVERY,315189
DELL,Dell Technologies,"Technology Hardware, Storage & Peripherals",US,DISCOVERY,1571996
DAL,Delta Air Lines,Passenger Airlines,US,DISCOVERY,27904
DVN,Devon Energy,Oil & Gas Exploration & Production,US,DISCOVERY,1090012
DXCM,Dexcom,Health Care Equipment,US,DISCOVERY,1093557
FANG,Diamondback Energy,Oil & Gas Exploration & Production,US,DISCOVERY,1539838
DLR,Digital Realty,Data Center REITs,US,DISCOVERY,1297996
DG,Dollar General,Consumer Staples Merchandise Retail,US,DISCOVERY,29534
DLTR,Dollar Tree,Consumer Staples Merchandise Retail,US,DISCOVERY,935703
D,Dominion Energy,Multi-Utilities,US,DISCOVERY,715957
DPZ,Domino's,Restaurants,US,DISCOVERY,1286681
DASH,DoorDash,Specialized Consumer Services,US,DISCOVERY,1792789
DOV,Dover Corporation,Industrial Machinery & Supplies & Components,US,DISCOVERY,29905
DOW,Dow Inc.,Commodity Chemicals,US,DISCOVERY,1751788
DHI,D. R. Horton,Homebuilding,US,DISCOVERY,882184
DTE,DTE Energy,Multi-Utilities,US,DISCOVERY,936340
DUK,Duke Energy,Electric Utilities,US,DISCOVERY,1326160
DD,DuPont,Industrial Conglomerates,US,DISCOVERY,1666700
ETN,Eaton Corporation,Electrical Components & Equipment,US,DISCOVERY,1551182
EBAY,eBay Inc.,Broadline Retail,US,DISCOVERY,1065088
ECHO,EchoStar,Wireless Telecommunication Services,US,DISCOVERY,1415404
ECL,Ecolab,Specialty Chemicals,US,DISCOVERY,31462
EIX,Edison International,Electric Utilities,US,DISCOVERY,827052
EW,Edwards Lifesciences,Health Care Equipment,US,DISCOVERY,1099800
ELV,Elevance Health,Managed Health Care,US,DISCOVERY,1156039
EME,Emcor,Construction & Engineering,US,DISCOVERY,105634
EMR,Emerson Electric,Electrical Components & Equipment,US,DISCOVERY,32604
ETR,Entergy,Electric Utilities,US,DISCOVERY,65984
EOG,EOG Resources,Oil & Gas Exploration & Production,US,DISCOVERY,821189
EQT,EQT Corporation,Oil & Gas Exploration & Production,US,DISCOVERY,33213
EFX,Equifax,Research & Consulting Services,US,DISCOVERY,33185
EQIX,Equinix,Data Center REITs,US,DISCOVERY,1101239
ERIE,Erie Indemnity,Insurance Brokers,US,DISCOVERY,922621
ESS,Essex Property Trust,Multi-Family Residential REITs,US,DISCOVERY,920522
EL,Estée Lauder Companies (The),Personal Care Products,US,DISCOVERY,1001250
EG,Everest Group,Reinsurance,US,DISCOVERY,1095073
EVRG,Evergy,Electric Utilities,US,DISCOVERY,1711269
ES,Eversource Energy,Electric Utilities,US,DISCOVERY,72741
EXC,Exelon,Electric Utilities,US,DISCOVERY,1109357
EXE,Expand Energy,Oil & Gas Exploration & Production,US,DISCOVERY,895126
EXPE,Expedia Group,"Hotels, Resorts & Cruise Lines",US,DISCOVERY,1324424
EXPD,Expeditors International,Air Freight & Logistics,US,DISCOVERY,746515
EXR,Extra Space Storage,Self-Storage REITs,US,DISCOVERY,1289490
XOM,ExxonMobil,Integrated Oil & Gas,US,DISCOVERY,2115436
FFIV,"F5, Inc.",Communications Equipment,US,DISCOVERY,1048695
FDS,FactSet,Financial Exchanges & Data,US,DISCOVERY,1013237
FICO,Fair Isaac,Application Software,US,DISCOVERY,814547
FAST,Fastenal,Trading Companies & Distributors,US,DISCOVERY,815556
FRT,Federal Realty Investment Trust,Retail REITs,US,DISCOVERY,34903
FDX,FedEx,Air Freight & Logistics,US,DISCOVERY,1048911
FDXF,FedEx Freight,Cargo Ground Transportation,US,DISCOVERY,2082247
FERG,Ferguson Enterprises,Trading Companies & Distributors,US,DISCOVERY,2011641
FIS,Fidelity National Information Services,Transaction & Payment Processing Services,US,DISCOVERY,1136893
FITB,Fifth Third Bancorp,Regional Banks,US,DISCOVERY,35527
FSLR,First Solar,Semiconductors,US,DISCOVERY,1274494
FE,FirstEnergy,Electric Utilities,US,DISCOVERY,1031296
FISV,Fiserv,Transaction & Payment Processing Services,US,DISCOVERY,798354
FLEX,Flex Ltd.,Electronic Manufacturing Services,US,DISCOVERY,866374
F,Ford Motor Company,Automobile Manufacturers,US,DISCOVERY,37996
FTNT,Fortinet,Systems Software,US,DISCOVERY,1262039
FTV,Fortive,Industrial Machinery & Supplies & Components,US,DISCOVERY,1659166
FOXA,Fox Corporation (Class A),Broadcasting,US,DISCOVERY,1754301
FOX,Fox Corporation (Class B),Broadcasting,US,DISCOVERY,1754301
BEN,Franklin Resources,Asset Management & Custody Banks,US,DISCOVERY,38777
FCX,Freeport-McMoRan,Copper,US,DISCOVERY,831259
GRMN,Garmin,Consumer Electronics,US,DISCOVERY,1121788
IT,Gartner,IT Consulting & Other Services,US,DISCOVERY,749251
GE,GE Aerospace,Aerospace & Defense,US,DISCOVERY,40545
GEHC,GE HealthCare,Health Care Equipment,US,DISCOVERY,1932393
GEV,GE Vernova,Heavy Electrical Equipment,US,DISCOVERY,1996810
GEN,Gen Digital,Systems Software,US,DISCOVERY,849399
GNRC,Generac,Heavy Electrical Equipment,US,DISCOVERY,1474735
GD,General Dynamics,Aerospace & Defense,US,DISCOVERY,40533
GIS,General Mills,Packaged Foods & Meats,US,DISCOVERY,40704
GM,General Motors,Automobile Manufacturers,US,DISCOVERY,1467858
GPC,Genuine Parts Company,Distributors,US,DISCOVERY,40987
GILD,Gilead Sciences,Biotechnology,US,DISCOVERY,882095
GPN,Global Payments,Transaction & Payment Processing Services,US,DISCOVERY,1123360
GL,Globe Life,Life & Health Insurance,US,DISCOVERY,320335
GDDY,GoDaddy,Internet Services & Infrastructure,US,DISCOVERY,1609711
GS,Goldman Sachs,Investment Banking & Brokerage,US,DISCOVERY,886982
HAL,Halliburton,Oil & Gas Equipment & Services,US,DISCOVERY,45012
HIG,Hartford (The),Property & Casualty Insurance,US,DISCOVERY,874766
HAS,Hasbro,Leisure Products,US,DISCOVERY,46080
HCA,HCA Healthcare,Health Care Facilities,US,DISCOVERY,860730
DOC,Healthpeak Properties,Health Care REITs,US,DISCOVERY,765880
HSIC,Henry Schein,Health Care Distributors,US,DISCOVERY,1000228
HSY,Hershey Company (The),Packaged Foods & Meats,US,DISCOVERY,47111
HPE,Hewlett Packard Enterprise,"Technology Hardware, Storage & Peripherals",US,DISCOVERY,1645590
HLT,Hilton Worldwide,"Hotels, Resorts & Cruise Lines",US,DISCOVERY,1585689
HD,Home Depot (The),Home Improvement Retail,US,DISCOVERY,354950
HONA,Honeywell Aerospace,Aerospace & Defense,US,DISCOVERY,2089271
HON,Honeywell Technologies,Industrial Conglomerates,US,DISCOVERY,773840
HRL,Hormel Foods,Packaged Foods & Meats,US,DISCOVERY,48465
HST,Host Hotels & Resorts,Hotel & Resort REITs,US,DISCOVERY,1070750
HWM,Howmet Aerospace,Aerospace & Defense,US,DISCOVERY,4281
HPQ,HP Inc.,"Technology Hardware, Storage & Peripherals",US,DISCOVERY,47217
HUBB,Hubbell Incorporated,Industrial Machinery & Supplies & Components,US,DISCOVERY,48898
HUM,Humana,Managed Health Care,US,DISCOVERY,49071
HBAN,Huntington Bancshares,Regional Banks,US,DISCOVERY,49196
HII,Huntington Ingalls Industries,Aerospace & Defense,US,DISCOVERY,1501585
IBM,IBM,IT Consulting & Other Services,US,DISCOVERY,51143
IEX,IDEX Corporation,Industrial Machinery & Supplies & Components,US,DISCOVERY,832101
IDXX,Idexx Laboratories,Health Care Equipment,US,DISCOVERY,874716
ITW,Illinois Tool Works,Industrial Machinery & Supplies & Components,US,DISCOVERY,49826
INCY,Incyte,Biotechnology,US,DISCOVERY,879169
IR,Ingersoll Rand,Industrial Machinery & Supplies & Components,US,DISCOVERY,1699150
PODD,Insulet Corporation,Health Care Equipment,US,DISCOVERY,1145197
INTC,Intel,Semiconductors,US,DISCOVERY,50863
IBKR,Interactive Brokers,Investment Banking & Brokerage,US,DISCOVERY,1381197
ICE,Intercontinental Exchange,Financial Exchanges & Data,US,DISCOVERY,1571949
IFF,International Flavors & Fragrances,Specialty Chemicals,US,DISCOVERY,51253
IP,International Paper,Paper & Plastic Packaging Products & Materials,US,DISCOVERY,51434
INTU,Intuit,Application Software,US,DISCOVERY,896878
ISRG,Intuitive Surgical,Health Care Equipment,US,DISCOVERY,1035267
IVZ,Invesco,Asset Management & Custody Banks,US,DISCOVERY,914208
INVH,Invitation Homes,Single-Family Residential REITs,US,DISCOVERY,1687229
IQV,IQVIA,Life Sciences Tools & Services,US,DISCOVERY,1478242
IRM,Iron Mountain,Other Specialized REITs,US,DISCOVERY,1020569
JBHT,J.B. Hunt,Cargo Ground Transportation,US,DISCOVERY,728535
JBL,Jabil,Electronic Manufacturing Services,US,DISCOVERY,898293
JKHY,Jack Henry & Associates,Transaction & Payment Processing Services,US,DISCOVERY,779152
J,Jacobs Solutions,Construction & Engineering,US,DISCOVERY,52988
JNJ,Johnson & Johnson,Pharmaceuticals,US,DISCOVERY,200406
JCI,Johnson Controls,Building Products,US,DISCOVERY,833444
JPM,JPMorgan Chase,Diversified Banks,US,DISCOVERY,19617
KVUE,Kenvue,Personal Care Products,US,DISCOVERY,1944048
KDP,Keurig Dr Pepper,Soft Drinks & Non-alcoholic Beverages,US,DISCOVERY,1418135
KEY,KeyCorp,Regional Banks,US,DISCOVERY,91576
KEYS,Keysight Technologies,Electronic Equipment & Instruments,US,DISCOVERY,1601046
KMB,Kimberly-Clark,Household Products,US,DISCOVERY,55785
KIM,Kimco Realty,Retail REITs,US,DISCOVERY,879101
KMI,Kinder Morgan,Oil & Gas Storage & Transportation,US,DISCOVERY,1506307
KKR,KKR & Co.,Asset Management & Custody Banks,US,DISCOVERY,1404912
KLAC,KLA Corporation,Semiconductor Materials & Equipment,US,DISCOVERY,319201
KHC,Kraft Heinz,Packaged Foods & Meats,US,DISCOVERY,1637459
KR,Kroger,Food Retail,US,DISCOVERY,56873
LHX,L3Harris,Aerospace & Defense,US,DISCOVERY,202058
LH,Labcorp,Health Care Services,US,DISCOVERY,920148
LRCX,Lam Research,Semiconductor Materials & Equipment,US,DISCOVERY,707549
LVS,Las Vegas Sands,Casinos & Gaming,US,DISCOVERY,1300514
LDOS,Leidos,Diversified Support Services,US,DISCOVERY,1336920
LEN,Lennar,Homebuilding,US,DISCOVERY,920760
LII,Lennox International,Building Products,US,DISCOVERY,1069202
LLY,Lilly (Eli),Pharmaceuticals,US,DISCOVERY,59478
LIN,Linde plc,Industrial Gases,US,DISCOVERY,1707925
LYV,Live Nation Entertainment,Movies & Entertainment,US,DISCOVERY,1335258
LMT,Lockheed Martin,Aerospace & Defense,US,DISCOVERY,936468
L,Loews Corporation,Multi-line Insurance,US,DISCOVERY,60086
LOW,Lowe's,Home Improvement Retail,US,DISCOVERY,60667
LULU,Lululemon Athletica,"Apparel, Accessories & Luxury Goods",US,DISCOVERY,1397187
LITE,Lumentum,Communications Equipment,US,DISCOVERY,1633978
LYB,LyondellBasell,Specialty Chemicals,US,DISCOVERY,1489393
MTB,M&T Bank,Regional Banks,US,DISCOVERY,36270
MPC,Marathon Petroleum,Oil & Gas Refining & Marketing,US,DISCOVERY,1510295
MAR,Marriott International,"Hotels, Resorts & Cruise Lines",US,DISCOVERY,1048286
MRSH,Marsh McLennan,Insurance Brokers,US,DISCOVERY,62709
MLM,Martin Marietta Materials,Construction Materials,US,DISCOVERY,916076
MRVL,Marvell Technology,Semiconductors,US,DISCOVERY,1835632
MAS,Masco,Building Products,US,DISCOVERY,62996
MA,Mastercard,Transaction & Payment Processing Services,US,DISCOVERY,1141391
MKC,McCormick & Company,Packaged Foods & Meats,US,DISCOVERY,63754
MCD,McDonald's,Restaurants,US,DISCOVERY,63908
MCK,McKesson Corporation,Health Care Distributors,US,DISCOVERY,927653
MDT,Medtronic,Health Care Equipment,US,DISCOVERY,1613103
MRK,Merck & Co.,Pharmaceuticals,US,DISCOVERY,310158
META,Meta Platforms,Interactive Media & Services,US,DISCOVERY,1326801
MET,MetLife,Life & Health Insurance,US,DISCOVERY,1099219
MTD,Mettler Toledo,Life Sciences Tools & Services,US,DISCOVERY,1037646
MGM,MGM Resorts,Casinos & Gaming,US,DISCOVERY,789570
MCHP,Microchip Technology,Semiconductors,US,DISCOVERY,827054
MU,Micron Technology,Semiconductors,US,DISCOVERY,723125
MSFT,Microsoft,Systems Software,US,DISCOVERY,789019
MAA,Mid-America Apartment Communities,Multi-Family Residential REITs,US,DISCOVERY,912595
MRNA,Moderna,Biotechnology,US,DISCOVERY,1682852
TAP,Molson Coors Beverage Company,Brewers,US,DISCOVERY,24545
MDLZ,Mondelez International,Packaged Foods & Meats,US,DISCOVERY,1103982
MPWR,Monolithic Power Systems,Semiconductors,US,DISCOVERY,1280452
MNST,Monster Beverage,Soft Drinks & Non-alcoholic Beverages,US,DISCOVERY,865752
MCO,Moody's Corporation,Financial Exchanges & Data,US,DISCOVERY,1059556
MS,Morgan Stanley,Investment Banking & Brokerage,US,DISCOVERY,895421
MOS,Mosaic Company (The),Fertilizers & Agricultural Chemicals,US,DISCOVERY,1285785
MSI,Motorola Solutions,Communications Equipment,US,DISCOVERY,68505
MSCI,MSCI,Financial Exchanges & Data,US,DISCOVERY,1408198
NDAQ,"Nasdaq, Inc.",Financial Exchanges & Data,US,DISCOVERY,1120193
NTAP,NetApp,"Technology Hardware, Storage & Peripherals",US,DISCOVERY,1002047
NFLX,Netflix,Movies & Entertainment,US,DISCOVERY,1065280
NEM,Newmont,Gold,US,DISCOVERY,1164727
NWSA,News Corp (Class A),Publishing,US,DISCOVERY,1564708
NWS,News Corp (Class B),Publishing,US,DISCOVERY,1564708
NEE,NextEra Energy,Multi-Utilities,US,DISCOVERY,753308
NKE,"Nike, Inc.","Apparel, Accessories & Luxury Goods",US,DISCOVERY,320187
NI,NiSource,Multi-Utilities,US,DISCOVERY,1111711
NDSN,Nordson Corporation,Industrial Machinery & Supplies & Components,US,DISCOVERY,72331
NSC,Norfolk Southern,Rail Transportation,US,DISCOVERY,702165
NTRS,Northern Trust,Asset Management & Custody Banks,US,DISCOVERY,73124
NOC,Northrop Grumman,Aerospace & Defense,US,DISCOVERY,1133421
NCLH,Norwegian Cruise Line Holdings,"Hotels, Resorts & Cruise Lines",US,DISCOVERY,1513761
NRG,NRG Energy,Independent Power Producers & Energy Traders,US,DISCOVERY,1013871
NUE,Nucor,Steel,US,DISCOVERY,73309
NVDA,Nvidia,Semiconductors,US,DISCOVERY,1045810
NVR,"NVR, Inc.",Homebuilding,US,DISCOVERY,906163
NXPI,NXP Semiconductors,Semiconductors,US,DISCOVERY,1413447
ORLY,O'Reilly Automotive,Automotive Retail,US,DISCOVERY,898173
OXY,Occidental Petroleum,Oil & Gas Exploration & Production,US,DISCOVERY,797468
ODFL,Old Dominion,Cargo Ground Transportation,US,DISCOVERY,878927
OMC,Omnicom Group,Advertising,US,DISCOVERY,29989
ON,ON Semiconductor,Semiconductors,US,DISCOVERY,1097864
OKE,Oneok,Oil & Gas Storage & Transportation,US,DISCOVERY,1039684
ORCL,Oracle Corporation,Application Software,US,DISCOVERY,1341439
OTIS,Otis Worldwide,Industrial Machinery & Supplies & Components,US,DISCOVERY,1781335
PCAR,Paccar,Construction Machinery & Heavy Transportation Equipment,US,DISCOVERY,75362
PKG,Packaging Corporation of America,Paper & Plastic Packaging Products & Materials,US,DISCOVERY,75677
PLTR,Palantir Technologies,Application Software,US,DISCOVERY,1321655
PANW,Palo Alto Networks,Systems Software,US,DISCOVERY,1327567
PSKY,Paramount Skydance Corporation,Movies & Entertainment,US,DISCOVERY,2041610
PH,Parker Hannifin,Industrial Machinery & Supplies & Components,US,DISCOVERY,76334
PAYX,Paychex,Human Resource & Employment Services,US,DISCOVERY,723531
PYPL,PayPal,Transaction & Payment Processing Services,US,DISCOVERY,1633917
PNR,Pentair,Industrial Machinery & Supplies & Components,US,DISCOVERY,77360
PEP,PepsiCo,Soft Drinks & Non-alcoholic Beverages,US,DISCOVERY,77476
PFE,Pfizer,Pharmaceuticals,US,DISCOVERY,78003
PCG,PG&E Corporation,Multi-Utilities,US,DISCOVERY,1004980
PM,Philip Morris International,Tobacco,US,DISCOVERY,1413329
PSX,Phillips 66,Oil & Gas Refining & Marketing,US,DISCOVERY,1534701
PNW,Pinnacle West Capital,Multi-Utilities,US,DISCOVERY,764622
PNC,PNC Financial Services,Diversified Banks,US,DISCOVERY,713676
PPG,PPG Industries,Specialty Chemicals,US,DISCOVERY,79879
PPL,PPL Corporation,Electric Utilities,US,DISCOVERY,922224
PFG,Principal Financial Group,Life & Health Insurance,US,DISCOVERY,1126328
PG,Procter & Gamble,Personal Care Products,US,DISCOVERY,80424
PGR,Progressive Corporation,Property & Casualty Insurance,US,DISCOVERY,80661
PLD,Prologis,Industrial REITs,US,DISCOVERY,1045609
PRU,Prudential Financial,Life & Health Insurance,US,DISCOVERY,1137774
PEG,Public Service Enterprise Group,Electric Utilities,US,DISCOVERY,788784
PTC,PTC Inc.,Application Software,US,DISCOVERY,857005
PSA,Public Storage,Self-Storage REITs,US,DISCOVERY,1393311
PHM,PulteGroup,Homebuilding,US,DISCOVERY,822416
PWR,Quanta Services,Construction & Engineering,US,DISCOVERY,1050915
QCOM,Qualcomm,Semiconductors,US,DISCOVERY,804328
DGX,Quest Diagnostics,Health Care Services,US,DISCOVERY,1022079
Q,Qnity Electronics,Semiconductor Materials & Equipment,US,DISCOVERY,2058873
RL,Ralph Lauren Corporation,"Apparel, Accessories & Luxury Goods",US,DISCOVERY,1037038
RJF,Raymond James Financial,Investment Banking & Brokerage,US,DISCOVERY,720005
RDDT,Reddit,Interactive Media & Services,US,DISCOVERY,1713445
RTX,RTX Corporation,Aerospace & Defense,US,DISCOVERY,101829
O,Realty Income,Retail REITs,US,DISCOVERY,726728
REG,Regency Centers,Retail REITs,US,DISCOVERY,910606
REGN,Regeneron Pharmaceuticals,Biotechnology,US,DISCOVERY,872589
RF,Regions Financial Corporation,Regional Banks,US,DISCOVERY,1281761
RSG,Republic Services,Environmental & Facilities Services,US,DISCOVERY,1060391
RMD,ResMed|,Health Care Equipment,US,DISCOVERY,943819
RVTY,Revvity,Health Care Equipment,US,DISCOVERY,31791
HOOD,Robinhood Markets,Investment Banking & Brokerage,US,DISCOVERY,1783879
ROK,Rockwell Automation,Electrical Components & Equipment,US,DISCOVERY,1024478
ROL,"Rollins, Inc.",Environmental & Facilities Services,US,DISCOVERY,84839
ROP,Roper Technologies,Electronic Equipment & Instruments,US,DISCOVERY,882835
ROST,Ross Stores,Apparel Retail,US,DISCOVERY,745732
RCL,Royal Caribbean Group,"Hotels, Resorts & Cruise Lines",US,DISCOVERY,884887
SPGI,S&P Global,Financial Exchanges & Data,US,DISCOVERY,64040
CRM,Salesforce,Application Software,US,DISCOVERY,1108524
SNDK,Sandisk,"Technology Hardware, Storage & Peripherals",US,DISCOVERY,2023554
SBAC,SBA Communications,Telecom Tower REITs,US,DISCOVERY,1034054
SLB,Schlumberger,Oil & Gas Equipment & Services,US,DISCOVERY,87347
STX,Seagate Technology,"Technology Hardware, Storage & Peripherals",US,DISCOVERY,1137789
SRE,Sempra,Multi-Utilities,US,DISCOVERY,1032208
NOW,ServiceNow,Systems Software,US,DISCOVERY,1373715
SHW,Sherwin-Williams,Specialty Chemicals,US,DISCOVERY,89800
SPG,Simon Property Group,Retail REITs,US,DISCOVERY,1063761
SWKS,Skyworks Solutions,Semiconductors,US,DISCOVERY,4127
SJM,J.M. Smucker Company (The),Packaged Foods & Meats,US,DISCOVERY,91419
SW,Smurfit Westrock,Paper & Plastic Packaging Products & Materials,US,DISCOVERY,2005951
SNA,Snap-on,Industrial Machinery & Supplies & Components,US,DISCOVERY,91440
SOLV,Solventum,Health Care Technology,US,DISCOVERY,1964738
SO,Southern Company,Electric Utilities,US,DISCOVERY,92122
LUV,Southwest Airlines,Passenger Airlines,US,DISCOVERY,92380
SWK,Stanley Black & Decker,Industrial Machinery & Supplies & Components,US,DISCOVERY,93556
SBUX,Starbucks,Restaurants,US,DISCOVERY,829224
STT,State Street Corporation,Asset Management & Custody Banks,US,DISCOVERY,93751
STLD,Steel Dynamics,Steel,US,DISCOVERY,1022671
STE,Steris,Health Care Equipment,US,DISCOVERY,1757898
SYK,Stryker Corporation,Health Care Equipment,US,DISCOVERY,310764
SMCI,Supermicro,"Technology Hardware, Storage & Peripherals",US,DISCOVERY,1375365
SYF,Synchrony Financial,Consumer Finance,US,DISCOVERY,1601712
SNPS,Synopsys,Application Software,US,DISCOVERY,883241
SYY,Sysco,Food Distributors,US,DISCOVERY,96021
TMUS,T-Mobile US,Wireless Telecommunication Services,US,DISCOVERY,1283699
TROW,T. Rowe Price,Asset Management & Custody Banks,US,DISCOVERY,1113169
TTWO,Take-Two Interactive,Interactive Home Entertainment,US,DISCOVERY,946581
TPR,"Tapestry, Inc.","Apparel, Accessories & Luxury Goods",US,DISCOVERY,1116132
TRGP,Targa Resources,Oil & Gas Storage & Transportation,US,DISCOVERY,1389170
TGT,Target Corporation,Consumer Staples Merchandise Retail,US,DISCOVERY,27419
TEL,TE Connectivity,Electronic Manufacturing Services,US,DISCOVERY,1385157
TDY,Teledyne Technologies,Electronic Equipment & Instruments,US,DISCOVERY,1094285
TER,Teradyne,Semiconductor Materials & Equipment,US,DISCOVERY,97210
TSLA,"Tesla, Inc.",Automobile Manufacturers,US,DISCOVERY,1318605
TXN,Texas Instruments,Semiconductors,US,DISCOVERY,97476
TPL,Texas Pacific Land Corporation,Oil & Gas Exploration & Production,US,DISCOVERY,1811074
TXT,Textron,Aerospace & Defense,US,DISCOVERY,217346
TMO,Thermo Fisher Scientific,Life Sciences Tools & Services,US,DISCOVERY,97745
TJX,TJX Companies,Apparel Retail,US,DISCOVERY,109198
TKO,TKO Group Holdings,Movies & Entertainment,US,DISCOVERY,1973266
TTD,Trade Desk (The),Advertising,US,DISCOVERY,1671933
TSCO,Tractor Supply,Other Specialty Retail,US,DISCOVERY,916365
TT,Trane Technologies,Building Products,US,DISCOVERY,1466258
TDG,TransDigm Group,Aerospace & Defense,US,DISCOVERY,1260221
TRV,Travelers Companies (The),Property & Casualty Insurance,US,DISCOVERY,86312
TRMB,Trimble Inc.,Application Software,US,DISCOVERY,864749
TFC,Truist Financial,Diversified Banks,US,DISCOVERY,92230
TYL,Tyler Technologies,Application Software,US,DISCOVERY,860731
TSN,Tyson Foods,Packaged Foods & Meats,US,DISCOVERY,100493
USB,U.S. Bancorp,Diversified Banks,US,DISCOVERY,36104
UBER,Uber,Passenger Ground Transportation,US,DISCOVERY,1543151
UDR,"UDR, Inc.",Multi-Family Residential REITs,US,DISCOVERY,74208
ULTA,Ulta Beauty,Other Specialty Retail,US,DISCOVERY,1403568
UNP,Union Pacific Corporation,Rail Transportation,US,DISCOVERY,100885
UAL,United Airlines Holdings,Passenger Airlines,US,DISCOVERY,100517
UPS,United Parcel Service,Air Freight & Logistics,US,DISCOVERY,1090727
URI,United Rentals,Trading Companies & Distributors,US,DISCOVERY,1067701
UNH,UnitedHealth Group,Managed Health Care,US,DISCOVERY,731766
UHS,Universal Health Services,Health Care Facilities,US,DISCOVERY,352915
VLO,Valero Energy,Oil & Gas Refining & Marketing,US,DISCOVERY,1035002
VEEV,Veeva Systems,Health Care Technology,US,DISCOVERY,1393052
VTR,Ventas,Health Care REITs,US,DISCOVERY,740260
VLTO,Veralto,Environmental & Facilities Services,US,DISCOVERY,1967680
VRSN,Verisign,Internet Services & Infrastructure,US,DISCOVERY,1014473
VRSK,Verisk Analytics,Research & Consulting Services,US,DISCOVERY,1442145
VZ,Verizon,Integrated Telecommunication Services,US,DISCOVERY,732712
VRTX,Vertex Pharmaceuticals,Biotechnology,US,DISCOVERY,875320
VRT,Vertiv,Electrical Components & Equipment,US,DISCOVERY,1674101
VTRS,Viatris,Pharmaceuticals,US,DISCOVERY,1792044
VICI,Vici Properties,Hotel & Resort REITs,US,DISCOVERY,1705696
V,Visa Inc.,Transaction & Payment Processing Services,US,DISCOVERY,1403161
VST,Vistra Corp.,Electric Utilities,US,DISCOVERY,1692819
VMRK,Vivmark Residential,Multi-Family Residential REITs,US,DISCOVERY,906107
VMC,Vulcan Materials Company,Construction Materials,US,DISCOVERY,1396009
WRB,W. R. Berkley Corporation,Property & Casualty Insurance,US,DISCOVERY,11544
GWW,W. W. Grainger,Industrial Machinery & Supplies & Components,US,DISCOVERY,277135
WAB,Wabtec,Construction Machinery & Heavy Transportation Equipment,US,DISCOVERY,943452
WMT,Walmart,Consumer Staples Merchandise Retail,US,DISCOVERY,104169
DIS,Walt Disney Company (The),Movies & Entertainment,US,DISCOVERY,1744489
WBD,Warner Bros. Discovery,Broadcasting,US,DISCOVERY,1437107
WM,Waste Management,Environmental & Facilities Services,US,DISCOVERY,823768
WAT,Waters Corporation,Life Sciences Tools & Services,US,DISCOVERY,1000697
WEC,WEC Energy Group,Electric Utilities,US,DISCOVERY,783325
WFC,Wells Fargo,Diversified Banks,US,DISCOVERY,72971
WELL,Welltower,Health Care REITs,US,DISCOVERY,766704
WST,West Pharmaceutical Services,Health Care Supplies,US,DISCOVERY,105770
WDC,Western Digital,"Technology Hardware, Storage & Peripherals",US,DISCOVERY,106040
WY,Weyerhaeuser,Timber REITs,US,DISCOVERY,106535
WSM,"Williams-Sonoma, Inc.",Homefurnishing Retail,US,DISCOVERY,719955
WMB,Williams Companies,Oil & Gas Storage & Transportation,US,DISCOVERY,107263
WTW,Willis Towers Watson,Insurance Brokers,US,DISCOVERY,1140536
WDAY,"Workday, Inc.",Application Software,US,DISCOVERY,1327811
WYNN,Wynn Resorts,Casinos & Gaming,US,DISCOVERY,1174922
XEL,Xcel Energy,Multi-Utilities,US,DISCOVERY,72903
XYL,Xylem Inc.,Industrial Machinery & Supplies & Components,US,DISCOVERY,1524472
YUM,Yum! Brands,Restaurants,US,DISCOVERY,1041061
ZBRA,Zebra Technologies,Electronic Equipment & Instruments,US,DISCOVERY,877212
ZBH,Zimmer Biomet,Health Care Equipment,US,DISCOVERY,1136869
ZTS,Zoetis,Pharmaceuticals,US,DISCOVERY,1555280
