driver_id,driver_label,global_theme,ticker,name,region,benchmark,peer_role
DOCUMENT_SCANNER_IMAGING_CYCLE,Document scanner / digital-imaging demand,Document_Imaging,7751.T,Canon,JP,^N225,DIRECT_PEER
DOCUMENT_SCANNER_IMAGING_CYCLE,Document scanner / digital-imaging demand,Document_Imaging,6724.T,Seiko Epson,JP,^N225,DIRECT_PEER
RETAIL_FIXTURE_SMART_BED_DEMAND,Commercial fixture / smart-bed demand,Home_Retail_Fixtures,PRPL,Purple Innovation,US,SPY,RELATED_PEER
LUXURY_BOAT_CYCLE,Luxury boat / yacht demand cycle,Luxury_Boats,MCFT,MasterCraft Boat Holdings,US,SPY,DIRECT_PEER
SPECIALTY_CHEMICALS_CYCLE,Specialty / industrial chemicals demand cycle,Specialty_Chemicals,BAS.DE,BASF,EU,^STOXX,RELATED_PEER
OPTICAL_COMPONENT_DEMAND,Optical-component / photonics demand,Photonics,COHR,Coherent,US,SPY,DIRECT_PEER
OPTICAL_COMPONENT_DEMAND,Optical-component / photonics demand,Photonics,LITE,Lumentum,US,SPY,DIRECT_PEER
OPTICAL_COMPONENT_DEMAND,Optical-component / photonics demand,Photonics,IPGP,IPG Photonics,US,SPY,RELATED_PEER
SEMICONDUCTOR_FAB_UTILIZATION_CONSUMABLES,Semiconductor fab-utilization / consumables demand,Semiconductor_Consumables,ENTG,Entegris,US,SPY,RELATED_PEER
SEMICONDUCTOR_FAB_UTILIZATION_CONSUMABLES,Semiconductor fab-utilization / consumables demand,Semiconductor_Consumables,5384.T,Fujimi Incorporated,JP,^N225,DIRECT_PEER
SEMICONDUCTOR_FAB_UTILIZATION_CONSUMABLES,Semiconductor fab-utilization / consumables demand,Semiconductor_Consumables,6146.T,DISCO,JP,^N225,RELATED_PEER
LEO_SATCOM_DEPLOYMENT,LEO satellite / ground-infrastructure deployment,Satcom,MTSI,MACOM Technology Solutions,US,SPY,RELATED_PEER
LEO_SATCOM_DEPLOYMENT,LEO satellite / ground-infrastructure deployment,Satcom,VSAT,Viasat,US,SPY,DEMAND_CONTEXT
LEO_SATCOM_DEPLOYMENT,LEO satellite / ground-infrastructure deployment,Satcom,IRDM,Iridium Communications,US,SPY,DEMAND_CONTEXT
CLINICAL_REGULATORY_COMMERCIALIZATION,Clinical / regulatory / commercialization milestones,Biotech,XBI,SPDR S&P Biotech ETF,US,SPY,RISK_CONTEXT
CLINICAL_REGULATORY_COMMERCIALIZATION,Clinical / regulatory / commercialization milestones,Biotech,IBB,iShares Biotechnology ETF,US,SPY,RISK_CONTEXT
SILICON_WAFER_DEMAND_PRICING,Silicon-wafer demand / pricing cycle,Silicon_Wafer,3436.T,SUMCO,JP,^N225,DIRECT_PEER
SILICON_WAFER_DEMAND_PRICING,Silicon-wafer demand / pricing cycle,Silicon_Wafer,4063.T,Shin-Etsu Chemical,JP,^N225,DIRECT_PEER
REINSURANCE_PRICING_CATA_CYCLE,Reinsurance pricing / catastrophe cycle,Reinsurance,SREN.SW,Swiss Re,EU,^SSMI,DIRECT_PEER
REINSURANCE_PRICING_CATA_CYCLE,Reinsurance pricing / catastrophe cycle,Reinsurance,MUV2.DE,Munich Re,EU,^STOXX,DIRECT_PEER
REINSURANCE_PRICING_CATA_CYCLE,Reinsurance pricing / catastrophe cycle,Reinsurance,HNR1.DE,Hannover Re,EU,^STOXX,DIRECT_PEER
TAIWAN_AUTO_DEMAND,Taiwan auto-registration / delivery demand,Auto,7203.T,Toyota Motor,JP,^N225,DEMAND_CONTEXT
TAIWAN_AUTO_DEMAND,Taiwan auto-registration / delivery demand,Auto,7201.T,Nissan Motor,JP,^N225,DEMAND_CONTEXT
ANALOG_PMIC_DEMAND,Analog / PMIC demand cycle,Analog_IC,MPWR,Monolithic Power Systems,US,SPY,DIRECT_PEER
ANALOG_PMIC_DEMAND,Analog / PMIC demand cycle,Analog_IC,POWI,Power Integrations,US,SPY,DIRECT_PEER
ANALOG_PMIC_DEMAND,Analog / PMIC demand cycle,Analog_IC,MCHP,Microchip Technology,US,SPY,RELATED_PEER
MOBILE_RF_FRONTEND_DEMAND,Mobile RF front-end demand,RF_Semiconductor,QRVO,Qorvo,US,SPY,DIRECT_PEER
MOBILE_RF_FRONTEND_DEMAND,Mobile RF front-end demand,RF_Semiconductor,SWKS,Skyworks Solutions,US,SPY,DIRECT_PEER
MOBILE_RF_FRONTEND_DEMAND,Mobile RF front-end demand,RF_Semiconductor,MTSI,MACOM Technology Solutions,US,SPY,RELATED_PEER
CONSUMER_ELECTRONICS_CYCLE,Consumer electronics demand cycle,Consumer_Tech,6758.T,Sony Group,JP,^N225,DEMAND_CONTEXT
CONSUMER_ELECTRONICS_CYCLE,Consumer electronics demand cycle,Consumer_Tech,005930.KS,Samsung Electronics,KR,^KS11,DEMAND_CONTEXT
POWER_ELECTRONICS_CAPEX,Power equipment / electronics capex,Power,VSH,Vishay Intertechnology,US,SPY,RELATED_PEER
POWER_ELECTRONICS_CAPEX,Power equipment / electronics capex,Power,LFUS,Littelfuse,US,SPY,RELATED_PEER
PETROCHEMICAL_MARGIN_CYCLE,Bulk petrochemical product / feedstock margin cycle,Petrochemicals,WLK,Westlake,US,SPY,DIRECT_PEER
PETROCHEMICAL_MARGIN_CYCLE,Bulk petrochemical product / feedstock margin cycle,Petrochemicals,LYB,LyondellBasell,US,SPY,DIRECT_PEER
PETROCHEMICAL_MARGIN_CYCLE,Bulk petrochemical product / feedstock margin cycle,Petrochemicals,BAS.DE,BASF,EU,^STOXX,RELATED_PEER
PETROCHEMICAL_MARGIN_CYCLE,Bulk petrochemical product / feedstock margin cycle,Petrochemicals,051910.KS,LG Chem,KR,^KS11,RELATED_PEER
REFINING_MARGIN_CYCLE,Refining crack-spread / utilization cycle,Refining,VLO,Valero Energy,US,SPY,DIRECT_PEER
REFINING_MARGIN_CYCLE,Refining crack-spread / utilization cycle,Refining,MPC,Marathon Petroleum,US,SPY,DIRECT_PEER
REFINING_MARGIN_CYCLE,Refining crack-spread / utilization cycle,Refining,PSX,Phillips 66,US,SPY,DIRECT_PEER
WAFER_LEVEL_PACKAGING_DEMAND,Wafer-level packaging / test utilization,Semiconductor_Packaging,AMKR,Amkor Technology,US,SPY,DIRECT_PEER
WAFER_LEVEL_PACKAGING_DEMAND,Wafer-level packaging / test utilization,Semiconductor_Packaging,ASX,ASE Technology Holding,US,SPY,DIRECT_PEER
WAFER_LEVEL_PACKAGING_DEMAND,Wafer-level packaging / test utilization,Semiconductor_Packaging,6146.T,DISCO,JP,^N225,RELATED_PEER
HIGH_SPEED_PCB_MATERIALS_DEMAND,High-speed low-loss PCB material demand,PCB_Materials,5706.T,Mitsui Mining and Smelting,JP,^N225,DIRECT_PEER
HIGH_SPEED_PCB_MATERIALS_DEMAND,High-speed low-loss PCB material demand,PCB_Materials,5016.T,JX Advanced Metals,JP,^N225,DIRECT_PEER
HIGH_SPEED_PCB_MATERIALS_DEMAND,High-speed low-loss PCB material demand,PCB_Materials,3110.T,Nittobo,JP,^N225,DIRECT_PEER
HIGH_SPEED_PCB_MATERIALS_DEMAND,High-speed low-loss PCB material demand,PCB_Materials,DD,DuPont,US,SPY,RELATED_PEER
DISPLAY_PANEL_CYCLE,Display-panel shipment / pricing cycle,Display_Panel,LPL,LG Display,US,SPY,DIRECT_PEER
DISPLAY_PANEL_CYCLE,Display-panel shipment / pricing cycle,Display_Panel,000725.SZ,BOE Technology,CN,000300.SS,DIRECT_PEER
DISPLAY_PANEL_CYCLE,Display-panel shipment / pricing cycle,Display_Panel,005930.KS,Samsung Electronics,KR,^KS11,DEMAND_CONTEXT
IMAGE_SENSOR_PACKAGING_DEMAND,CMOS image-sensor packaging / unit demand,Image_Sensor,6758.T,Sony Group,JP,^N225,DEMAND_CONTEXT
IMAGE_SENSOR_PACKAGING_DEMAND,CMOS image-sensor packaging / unit demand,Image_Sensor,ON,onsemi,US,SPY,DEMAND_CONTEXT
IMAGE_SENSOR_PACKAGING_DEMAND,CMOS image-sensor packaging / unit demand,Image_Sensor,STM,STMicroelectronics,EU,^STOXX,DEMAND_CONTEXT
IMAGE_SENSOR_PACKAGING_DEMAND,CMOS image-sensor packaging / unit demand,Image_Sensor,AMKR,Amkor Technology,US,SPY,RELATED_PEER
MOBILE_SOC_DEMAND,Mobile SoC shipment / premium-mix cycle,Mobile_SoC,QCOM,Qualcomm,US,SPY,DIRECT_PEER
MOBILE_SOC_DEMAND,Mobile SoC shipment / premium-mix cycle,Mobile_SoC,005930.KS,Samsung Electronics,KR,^KS11,RELATED_PEER
MOBILE_SOC_DEMAND,Mobile SoC shipment / premium-mix cycle,Mobile_SoC,ARM,Arm Holdings,US,SPY,ECOSYSTEM_CONTEXT
FOLDABLE_DEVICE_MECHANICALS,Foldable-device hinge / precision-mechanical demand,Foldable_Devices,005930.KS,Samsung Electronics,KR,^KS11,DEMAND_CONTEXT
FOLDABLE_DEVICE_MECHANICALS,Foldable-device hinge / precision-mechanical demand,Foldable_Devices,1810.HK,Xiaomi,HK,^HSI,DEMAND_CONTEXT
POLYESTER_PET_CHAIN,Polyester PET / fiber chain demand and spreads,Polyester_PET,IVL.BK,Indorama Ventures,TH,^SET.BK,DIRECT_PEER
POLYESTER_PET_CHAIN,Polyester PET / fiber chain demand and spreads,Polyester_PET,EMN,Eastman Chemical,US,SPY,RELATED_PEER
POLYESTER_PET_CHAIN,Polyester PET / fiber chain demand and spreads,Polyester_PET,3402.T,Toray Industries,JP,^N225,RELATED_PEER
CONNECTIVITY_INTERFACE_IC_CYCLE,Connectivity / interface IC demand,Connectivity_IC,MXL,MaxLinear,US,SPY,DIRECT_PEER
POWER_DISCRETE_CYCLE,Power-discrete / power-semiconductor demand,Power_Semiconductor,6966.T,Mitsui High-tec,JP,^N225,RELATED_PEER
TEST_INTERFACE_CAPEX,IC test-interface / probe-board demand,Semiconductor_Test,TPRO.MI,Technoprobe,EU,^STOXX,DIRECT_PEER
