driver_id,driver_label,global_theme,taiwan_code,taiwan_name_seed,economic_role,linkage_tier,linkage_confidence,polarity,link_mechanism,evidence_required,edge_status,provenance_status,review_after,enabled
AI_SERVER_SHIPMENTS,AI server shipment / ODM cycle,AI_Server,2382,廣達,server_odm,DIRECT,0.95,POSITIVE,AI server ODM demand and shipment cycle,customer mix / server backlog / shipment evidence,SEED,NEEDS_SOURCE_BACKFILL,2026-12-31,1
AI_SERVER_SHIPMENTS,AI server shipment / ODM cycle,AI_Server,3231,緯創,server_odm,DIRECT,0.95,POSITIVE,AI server ODM demand and shipment cycle,customer mix / server backlog / shipment evidence,SEED,NEEDS_SOURCE_BACKFILL,2026-12-31,1
AI_SERVER_SHIPMENTS,AI server shipment / ODM cycle,AI_Server,6669,緯穎,server_odm,DIRECT,0.98,POSITIVE,Hyperscale AI server demand and rack-level deployments,customer capex / backlog / shipment evidence,SEED,NEEDS_SOURCE_BACKFILL,2026-12-31,1
AI_SERVER_SHIPMENTS,AI server shipment / ODM cycle,AI_Server,2317,鴻海,server_odm_and_manufacturing,STRONG,0.88,POSITIVE,AI server manufacturing and rack integration,AI server revenue / customer programs,SEED,NEEDS_SOURCE_BACKFILL,2026-12-31,1
AI_SERVER_SHIPMENTS,AI server shipment / ODM cycle,AI_Server,2356,英業達,server_odm,STRONG,0.82,POSITIVE,Server ODM demand transmission,AI server mix / orders / shipments,SEED,NEEDS_SOURCE_BACKFILL,2026-12-31,1
AI_SERVER_RACK_BUILD,AI rack / server system buildout,AI_Server,2376,技嘉,server_systems,STRONG,0.82,POSITIVE,Enterprise and AI server systems,server product mix / revenue contribution,SEED,NEEDS_SOURCE_BACKFILL,2026-12-31,1
AI_SERVER_RACK_BUILD,AI rack / server system buildout,AI_Server,3693,營邦,server_chassis,STRONG,0.78,POSITIVE,Server chassis and rack infrastructure demand,AI server customer / product evidence,SEED,NEEDS_SOURCE_BACKFILL,2026-12-31,1
AI_SERVER_THERMAL_DENSITY,AI server thermal density / liquid cooling,AI_Server,3017,奇鋐,thermal_management,STRONG,0.82,POSITIVE,AI server thermal density drives cooling demand,AI cooling revenue / customer programs,SEED,NEEDS_SOURCE_BACKFILL,2026-12-31,1
AI_SERVER_THERMAL_DENSITY,AI server thermal density / liquid cooling,AI_Server,3324,雙鴻,thermal_management,STRONG,0.82,POSITIVE,AI server thermal density drives cooling demand,liquid cooling / server revenue evidence,SEED,NEEDS_SOURCE_BACKFILL,2026-12-31,1
AI_SERVER_THERMAL_DENSITY,AI server thermal density / liquid cooling,AI_Server,6230,尼得科超眾,thermal_management,STRONG,0.76,POSITIVE,Server thermal management demand,server cooling revenue evidence,SEED,NEEDS_SOURCE_BACKFILL,2026-12-31,1
AI_SERVER_THERMAL_DENSITY,AI server thermal density / liquid cooling,AI_Server,8996,高力,liquid_cooling_heat_exchange,STRONG,0.78,POSITIVE,AI liquid cooling heat-exchanger demand,AI data-center cooling orders,SEED,NEEDS_SOURCE_BACKFILL,2026-12-31,1
DATACENTER_COOLING_INFRA,Data-center cooling infrastructure capex,AI_Infrastructure,3017,奇鋐,thermal_management,STRONG,0.8,POSITIVE,Data-center thermal infrastructure,AI cooling revenue / order evidence,SEED,NEEDS_SOURCE_BACKFILL,2026-12-31,1
DATACENTER_COOLING_INFRA,Data-center cooling infrastructure capex,AI_Infrastructure,3324,雙鴻,thermal_management,STRONG,0.8,POSITIVE,Data-center thermal infrastructure,liquid cooling / server revenue evidence,SEED,NEEDS_SOURCE_BACKFILL,2026-12-31,1
DATACENTER_COOLING_INFRA,Data-center cooling infrastructure capex,AI_Infrastructure,8996,高力,liquid_cooling_heat_exchange,STRONG,0.82,POSITIVE,Data-center heat exchange and liquid cooling,AI data-center cooling orders,SEED,NEEDS_SOURCE_BACKFILL,2026-12-31,1
DATACENTER_POWER_INFRA,Data-center power infrastructure capex,AI_Infrastructure,2308,台達電,power_and_thermal_infrastructure,STRONG,0.88,POSITIVE,Data-center power and thermal infrastructure,data-center power / cooling revenue evidence,SEED,NEEDS_SOURCE_BACKFILL,2026-12-31,1
DATACENTER_POWER_INFRA,Data-center power infrastructure capex,AI_Infrastructure,6409,旭隼,ups_power,STRONG,0.78,POSITIVE,Data-center UPS and power continuity,UPS demand / data-center exposure,SEED,NEEDS_SOURCE_BACKFILL,2026-12-31,1
AI_NETWORKING_UPGRADE,800G/1.6T AI networking upgrade,AI_Networking,2345,智邦,network_switch,DIRECT,0.95,POSITIVE,AI cluster networking and high-speed switch demand,800G/1.6T orders / hyperscaler exposure,SEED,NEEDS_SOURCE_BACKFILL,2026-12-31,1
AI_NETWORKING_UPGRADE,800G/1.6T AI networking upgrade,AI_Networking,6285,啟碁,networking_equipment,STRONG,0.76,POSITIVE,Enterprise and data-center networking demand,product / customer exposure evidence,SEED,NEEDS_SOURCE_BACKFILL,2026-12-31,1
AI_NETWORKING_UPGRADE,800G/1.6T AI networking upgrade,AI_Networking,5388,中磊,networking_equipment,STRONG,0.72,POSITIVE,Network equipment demand,product / customer exposure evidence,SEED,NEEDS_SOURCE_BACKFILL,2026-12-31,1
AI_NETWORKING_UPGRADE,800G/1.6T AI networking upgrade,AI_Networking,3596,智易,networking_equipment,STRONG,0.72,POSITIVE,Network equipment demand,product / customer exposure evidence,SEED,NEEDS_SOURCE_BACKFILL,2026-12-31,1
AI_NETWORKING_UPGRADE,800G/1.6T AI networking upgrade,AI_Networking,3704,合勤控,networking_equipment,SECOND_ORDER,0.62,POSITIVE,Networking demand cycle,enterprise / telecom demand evidence,SEED,NEEDS_SOURCE_BACKFILL,2026-12-31,1
DRAM_PRICING,Commodity DRAM pricing / bit demand,Memory,2408,南亞科,dram_manufacturer,DIRECT,0.98,POSITIVE,DRAM pricing and demand cycle,DRAM ASP / bit shipments / inventory,SEED,NEEDS_SOURCE_BACKFILL,2026-12-31,1
SPECIALTY_MEMORY_PRICING,Specialty DRAM / NOR / NAND pricing,Memory,2344,華邦電,memory_manufacturer,DIRECT,0.95,POSITIVE,Specialty DRAM and NOR memory cycle,memory ASP / utilization / inventory,SEED,NEEDS_SOURCE_BACKFILL,2026-12-31,1
SPECIALTY_MEMORY_PRICING,Specialty DRAM / NOR / NAND pricing,Memory,2337,旺宏,memory_manufacturer,DIRECT,0.92,POSITIVE,NOR and NAND memory pricing cycle,memory ASP / utilization / inventory,SEED,NEEDS_SOURCE_BACKFILL,2026-12-31,1
MEMORY_IC_CYCLE,Memory IC design demand / ASP cycle,Memory,3006,晶豪科,memory_ic_design,DIRECT,0.92,POSITIVE,DRAM / Flash IC demand and pricing,memory product revenue / ASP evidence,SEED,NEEDS_SOURCE_BACKFILL,2026-12-31,1
MEMORY_IC_CYCLE,Memory IC design demand / ASP cycle,Memory,5351,鈺創,memory_ic_design,STRONG,0.84,POSITIVE,Memory IC cycle,memory revenue / ASP evidence,SEED,NEEDS_SOURCE_BACKFILL,2026-12-31,1
NAND_STORAGE_CYCLE,NAND / storage controller and module cycle,Memory,8299,群聯,memory_controller,DIRECT,0.92,POSITIVE,NAND controller and storage demand cycle,NAND pricing / controller shipments,SEED,NEEDS_SOURCE_BACKFILL,2026-12-31,1
NAND_STORAGE_CYCLE,NAND / storage controller and module cycle,Memory,3260,威剛,memory_module,DIRECT,0.9,POSITIVE,DRAM and NAND module pricing cycle,inventory gains / module ASP / demand,SEED,NEEDS_SOURCE_BACKFILL,2026-12-31,1
NAND_STORAGE_CYCLE,NAND / storage controller and module cycle,Memory,4967,十銓,memory_module,DIRECT,0.88,POSITIVE,DRAM and NAND module pricing cycle,inventory / module ASP / demand,SEED,NEEDS_SOURCE_BACKFILL,2026-12-31,1
NAND_STORAGE_CYCLE,NAND / storage controller and module cycle,Memory,5289,宜鼎,memory_module_industrial,DIRECT,0.86,POSITIVE,Industrial memory and storage demand,industrial memory revenue / ASP,SEED,NEEDS_SOURCE_BACKFILL,2026-12-31,1
LEADING_EDGE_FOUNDRY_AI_DEMAND,Leading-edge foundry AI/HPC node demand,Foundry,2330,台積電,leading_edge_foundry,DIRECT,0.99,POSITIVE,Leading-edge AI/HPC wafer demand and advanced-node capacity cycle,advanced-node utilization / AI-HPC wafer demand / pricing / capacity evidence,SEED,NEEDS_SOURCE_BACKFILL,2026-12-31,1
MATURE_NODE_FOUNDRY_UTILIZATION,Mature-node foundry utilization / pricing,Foundry,2303,聯電,mature_node_foundry,DIRECT,0.95,POSITIVE,Mature-node foundry utilization and pricing cycle,mature-node utilization / wafer pricing / customer inventory / end-demand,SEED,NEEDS_SOURCE_BACKFILL,2026-12-31,1
MATURE_NODE_FOUNDRY_UTILIZATION,Mature-node foundry utilization / pricing,Foundry,5347,世界,mature_specialty_foundry,DIRECT,0.92,POSITIVE,Mature and specialty-node foundry utilization cycle,specialty-node utilization / ASP / customer demand,SEED,NEEDS_SOURCE_BACKFILL,2026-12-31,1
MATURE_NODE_FOUNDRY_UTILIZATION,Mature-node foundry utilization / pricing,Foundry,6770,力積電,mature_memory_foundry,DIRECT,0.92,POSITIVE,Memory and mature-node foundry utilization cycle,mature-node utilization / pricing / memory mix / customer demand,SEED,NEEDS_SOURCE_BACKFILL,2026-12-31,1
WAFER_FAB_EQUIPMENT_CAPEX,Wafer-fab equipment capex,Semiconductor_Equipment,3131,弘塑,wet_process_equipment,STRONG,0.85,POSITIVE,Advanced packaging and fab equipment capex,order backlog / advanced packaging exposure,SEED,NEEDS_SOURCE_BACKFILL,2026-12-31,1
WAFER_FAB_EQUIPMENT_CAPEX,Wafer-fab equipment capex,Semiconductor_Equipment,3583,辛耘,semicap_equipment,STRONG,0.84,POSITIVE,Foundry and advanced packaging capex,order backlog / customer capex,SEED,NEEDS_SOURCE_BACKFILL,2026-12-31,1
WAFER_FAB_EQUIPMENT_CAPEX,Wafer-fab equipment capex,Semiconductor_Equipment,6187,萬潤,semicap_equipment,STRONG,0.82,POSITIVE,Advanced packaging equipment demand,AI/HBM packaging orders,SEED,NEEDS_SOURCE_BACKFILL,2026-12-31,1
ADVANCED_PACKAGING_TEST_CAPEX,Advanced packaging / test capex,Semiconductor_Equipment,6640,均華,packaging_equipment,STRONG,0.82,POSITIVE,Advanced packaging equipment demand,customer orders / advanced packaging mix,SEED,NEEDS_SOURCE_BACKFILL,2026-12-31,1
ADVANCED_PACKAGING_TEST_CAPEX,Advanced packaging / test capex,Semiconductor_Equipment,6223,旺矽,probe_and_test,STRONG,0.82,POSITIVE,Advanced chip probing and test demand,AI/HPC probe-card orders,SEED,NEEDS_SOURCE_BACKFILL,2026-12-31,1
ADVANCED_PACKAGING_TEST_CAPEX,Advanced packaging / test capex,Semiconductor_Equipment,6510,精測,test_interface,STRONG,0.78,POSITIVE,Advanced chip test interface demand,AI/HPC test demand / customer mix,SEED,NEEDS_SOURCE_BACKFILL,2026-12-31,1
WAFER_FAB_EQUIPMENT_CAPEX,Wafer-fab equipment capex,Semiconductor_Equipment,3680,家登,semicap_consumables,STRONG,0.78,POSITIVE,Advanced-node fab consumables and EUV ecosystem,customer qualification / capacity demand,SEED,NEEDS_SOURCE_BACKFILL,2026-12-31,1
MLCC_DEMAND_PRICING,MLCC demand / pricing cycle,MLCC,2327,國巨,passive_components,DIRECT,0.95,POSITIVE,MLCC and passive component pricing and demand,utilization / price / order evidence,SEED,NEEDS_SOURCE_BACKFILL,2026-12-31,1
MLCC_DEMAND_PRICING,MLCC demand / pricing cycle,MLCC,2492,華新科,passive_components,DIRECT,0.92,POSITIVE,MLCC and passive component cycle,utilization / price / order evidence,SEED,NEEDS_SOURCE_BACKFILL,2026-12-31,1
MLCC_DEMAND_PRICING,MLCC demand / pricing cycle,MLCC,3026,禾伸堂,passive_components,STRONG,0.82,POSITIVE,MLCC and passive component cycle,MLCC revenue / order evidence,SEED,NEEDS_SOURCE_BACKFILL,2026-12-31,1
GRID_CAPEX,Grid modernization / transformer and cable capex,Power_Grid,1519,華城,transformer_grid,DIRECT,0.96,POSITIVE,Grid transformer and substation capex,order backlog / US grid exposure,SEED,NEEDS_SOURCE_BACKFILL,2026-12-31,1
GRID_CAPEX,Grid modernization / transformer and cable capex,Power_Grid,1513,中興電,grid_equipment,DIRECT,0.94,POSITIVE,Grid and substation capex,order backlog / utility capex exposure,SEED,NEEDS_SOURCE_BACKFILL,2026-12-31,1
GRID_CAPEX,Grid modernization / transformer and cable capex,Power_Grid,1503,士電,grid_equipment,STRONG,0.88,POSITIVE,Transformer and electrical equipment capex,order backlog / grid exposure,SEED,NEEDS_SOURCE_BACKFILL,2026-12-31,1
GRID_CAPEX,Grid modernization / transformer and cable capex,Power_Grid,1609,大亞,cable_and_grid,STRONG,0.82,POSITIVE,Physical power-cable volume and grid build-out,cable order backlog / grid projects / shipment volume; copper price alone insufficient,SEED,NEEDS_SOURCE_BACKFILL,2026-12-31,1
GRID_CAPEX,Grid modernization / transformer and cable capex,Power_Grid,1608,華榮,cable_and_grid,STRONG,0.78,POSITIVE,Physical power-cable volume and grid build-out,cable order backlog / grid projects / shipment volume; copper price alone insufficient,SEED,NEEDS_SOURCE_BACKFILL,2026-12-31,1
POWER_ELECTRONICS_CAPEX,Power equipment / electronics capex,Power,1519,華城,transformer_grid,STRONG,0.86,POSITIVE,Power demand drives transformer and grid capex,order backlog / utility projects,SEED,NEEDS_SOURCE_BACKFILL,2026-12-31,1
POWER_ELECTRONICS_CAPEX,Power equipment / electronics capex,Power,1513,中興電,grid_equipment,STRONG,0.84,POSITIVE,Power demand drives substation and grid capex,order backlog / utility projects,SEED,NEEDS_SOURCE_BACKFILL,2026-12-31,1
POWER_ELECTRONICS_CAPEX,Power equipment / electronics capex,Power,2308,台達電,power_electronics,STRONG,0.82,POSITIVE,Power demand and data-center power electronics,data-center power revenue / orders,SEED,NEEDS_SOURCE_BACKFILL,2026-12-31,1
NUCLEAR_GRID_SECOND_ORDER,Nuclear buildout second-order grid equipment,Nuclear_Power,1519,華城,grid_equipment,SPECULATIVE,0.35,POSITIVE,Nuclear build-out may create secondary grid equipment demand,project-specific evidence required,SEED,NEEDS_SOURCE_BACKFILL,2026-12-31,1
NUCLEAR_GRID_SECOND_ORDER,Nuclear buildout second-order grid equipment,Nuclear_Power,1513,中興電,grid_equipment,SPECULATIVE,0.35,POSITIVE,Nuclear build-out may create secondary grid equipment demand,project-specific evidence required,SEED,NEEDS_SOURCE_BACKFILL,2026-12-31,1
CONTAINER_FREIGHT,Container freight / liner shipping cycle,Shipping,2603,長榮,container_shipping,DIRECT,0.95,POSITIVE,Container freight rate and capacity cycle,freight rates / load factor / capacity,SEED,NEEDS_SOURCE_BACKFILL,2026-12-31,1
CONTAINER_FREIGHT,Container freight / liner shipping cycle,Shipping,2609,陽明,container_shipping,DIRECT,0.95,POSITIVE,Container freight rate and capacity cycle,freight rates / load factor / capacity,SEED,NEEDS_SOURCE_BACKFILL,2026-12-31,1
CONTAINER_FREIGHT,Container freight / liner shipping cycle,Shipping,2615,萬海,container_shipping,DIRECT,0.95,POSITIVE,Container freight rate and capacity cycle,freight rates / load factor / capacity,SEED,NEEDS_SOURCE_BACKFILL,2026-12-31,1
DRY_BULK_FREIGHT,Dry-bulk freight / commodity shipping cycle,Shipping,2605,新興,dry_bulk_shipping,DIRECT,0.9,POSITIVE,Dry-bulk freight and vessel supply cycle,BDI/Capesize / fleet supply / charter rates,SEED,NEEDS_SOURCE_BACKFILL,2026-12-31,1
DRY_BULK_FREIGHT,Dry-bulk freight / commodity shipping cycle,Shipping,2606,裕民,dry_bulk_shipping,DIRECT,0.92,POSITIVE,Dry-bulk freight and vessel supply cycle,BDI/Capesize / fleet supply / charter rates,SEED,NEEDS_SOURCE_BACKFILL,2026-12-31,1
DRY_BULK_FREIGHT,Dry-bulk freight / commodity shipping cycle,Shipping,2617,台航,dry_bulk_shipping,DIRECT,0.9,POSITIVE,Dry-bulk freight and vessel supply cycle,BDI/Capesize / fleet supply / charter rates,SEED,NEEDS_SOURCE_BACKFILL,2026-12-31,1
DRY_BULK_FREIGHT,Dry-bulk freight / commodity shipping cycle,Shipping,2637,慧洋-KY,dry_bulk_shipping,DIRECT,0.92,POSITIVE,Dry-bulk freight and vessel supply cycle,BDI/Capesize / fleet supply / charter rates,SEED,NEEDS_SOURCE_BACKFILL,2026-12-31,1
COPPER_COMMODITY_TRADE_INVENTORY,Copper commodity price / trade-inventory cycle,Copper,1609,大亞,copper_wire_cable,STRONG,0.82,POSITIVE,Copper price pass-through and inventory valuation exposure; not proof of cable volume growth,copper pass-through / inventory position / cable ASP / margin evidence,SEED,NEEDS_SOURCE_BACKFILL,2026-12-31,1
COPPER_COMMODITY_TRADE_INVENTORY,Copper commodity price / trade-inventory cycle,Copper,1608,華榮,copper_wire_cable,STRONG,0.78,POSITIVE,Copper price pass-through and inventory valuation exposure; not proof of cable volume growth,copper pass-through / inventory position / cable ASP / margin evidence,SEED,NEEDS_SOURCE_BACKFILL,2026-12-31,1
COPPER_COMMODITY_TRADE_INVENTORY,Copper commodity price / trade-inventory cycle,Copper,1605,華新,copper_and_metals,SECOND_ORDER,0.64,POSITIVE,Metals pricing and inventory exposure; downstream demand must be validated separately,segment mix / metal price sensitivity / inventory and margin evidence,SEED,NEEDS_SOURCE_BACKFILL,2026-12-31,1
ENTERPRISE_CYBER_SPEND,Enterprise cybersecurity spending,Cybersecurity,3029,零壹,security_distribution,SECOND_ORDER,0.64,POSITIVE,Enterprise security spending may transmit through channel demand,security product mix / vendor exposure / orders,SEED,NEEDS_SOURCE_BACKFILL,2026-12-31,1
ENTERPRISE_CYBER_SPEND,Enterprise cybersecurity spending,Cybersecurity,6140,訊達,enterprise_it_channel,SECOND_ORDER,0.58,POSITIVE,Enterprise IT/security spending may affect channel demand,security vendor mix / project orders,SEED,NEEDS_SOURCE_BACKFILL,2026-12-31,1
BIOPHARMA_RISK_APPETITE,Biopharma risk appetite / clinical-commercial cycle,Biotech,6446,藥華藥,biopharma,SECOND_ORDER,0.55,POSITIVE,Global biotech risk appetite is only a weak factor transmission,company-specific clinical/commercial evidence mandatory,SEED,NEEDS_SOURCE_BACKFILL,2026-12-31,1
BIOPHARMA_RISK_APPETITE,Biopharma risk appetite / clinical-commercial cycle,Biotech,6472,保瑞,pharma_cdmo,SECOND_ORDER,0.55,POSITIVE,Global biotech/pharma conditions are only a weak factor transmission,company-specific earnings / order evidence mandatory,SEED,NEEDS_SOURCE_BACKFILL,2026-12-31,1
GENOMICS_RISK_APPETITE,Genomics risk appetite / platform cycle,Genomics,6446,藥華藥,biopharma,SPECULATIVE,0.3,POSITIVE,Genomics ETF strength does not directly map to this company,company-specific evidence mandatory,SEED,NEEDS_SOURCE_BACKFILL,2026-12-31,1
FINANCIALS_RATE_CREDIT_CYCLE,Financials rate / credit / margin cycle,Financials,2881,富邦金,financials,DIRECT,0.8,POSITIVE,Financial conditions and capital-market cycle,rate / credit / investment income evidence,SEED,NEEDS_SOURCE_BACKFILL,2026-12-31,1
FINANCIALS_RATE_CREDIT_CYCLE,Financials rate / credit / margin cycle,Financials,2882,國泰金,financials,DIRECT,0.8,POSITIVE,Financial conditions and capital-market cycle,rate / credit / investment income evidence,SEED,NEEDS_SOURCE_BACKFILL,2026-12-31,1
FINANCIALS_RATE_CREDIT_CYCLE,Financials rate / credit / margin cycle,Financials,2891,中信金,financials,DIRECT,0.8,POSITIVE,Financial conditions and credit cycle,credit / NIM / fee-income evidence,SEED,NEEDS_SOURCE_BACKFILL,2026-12-31,1
FINANCIALS_RATE_CREDIT_CYCLE,Financials rate / credit / margin cycle,Financials,2886,兆豐金,financials,DIRECT,0.78,POSITIVE,Financial conditions and bank earnings cycle,NIM / credit / fee-income evidence,SEED,NEEDS_SOURCE_BACKFILL,2026-12-31,1
CONSUMER_ELECTRONICS_CYCLE,Consumer electronics demand cycle,Consumer_Tech,2317,鴻海,electronics_manufacturing,SECOND_ORDER,0.62,POSITIVE,Consumer electronics cycle may affect manufacturing demand,customer/product mix evidence required,SEED,NEEDS_SOURCE_BACKFILL,2026-12-31,1
CONSUMER_ELECTRONICS_CYCLE,Consumer electronics demand cycle,Consumer_Tech,4938,和碩,electronics_manufacturing,SECOND_ORDER,0.62,POSITIVE,Consumer electronics cycle may affect manufacturing demand,customer/product mix evidence required,SEED,NEEDS_SOURCE_BACKFILL,2026-12-31,1
ADVANCED_PACKAGING_TEST_CAPEX,Advanced packaging / test capex,Semiconductor_Equipment,6683,雍智科技,test_interface_load_board_probe_card,DIRECT,0.9,POSITIVE,AI ASIC HPC test demand increases load-board burn-in-board and probe-card interface demand,AI ASIC HPC test-interface orders / probe-card and load-board revenue mix,RESEARCH_VALIDATED,SOURCED_2026_09,2027-03-31,1
AI_SERVER_RACK_BUILD,AI rack / server system buildout,AI_Server,3605,宏致,high_speed_server_interconnect,STRONG,0.88,POSITIVE,CSP ASIC and AI server platforms increase high-speed connector and internal cable content,CSP ASIC platform shipments / server high-speed connector and cable revenue,RESEARCH_VALIDATED,SOURCED_2026_09,2027-03-31,1
DATACENTER_POWER_INFRA,Data-center power infrastructure capex,AI_Infrastructure,3605,宏致,datacenter_power_cable,STRONG,0.78,POSITIVE,AI infrastructure power buildout increases demand for high-power cable assemblies,data-center power cable orders / named platform revenue contribution,RESEARCH_VALIDATED,SOURCED_2026_09,2027-03-31,1
DATACENTER_POWER_INFRA,Data-center power infrastructure capex,AI_Infrastructure,8103,瀚荃,ai_power_connectors,DIRECT,0.9,POSITIVE,AI data-center power-density growth increases HVDC busbar PDU PSU CBU BBU connector demand,AI power revenue mix / HVDC busbar PDU PSU CBU BBU shipments / order visibility,RESEARCH_VALIDATED,SOURCED_2026_09,2027-03-31,1
SEMICONDUCTOR_FAB_UTILIZATION_CONSUMABLES,Semiconductor fab-utilization / consumables demand,Semiconductor_Consumables,1560,中砂,cmp_pad_conditioner_reclaim_wafer,DIRECT,0.96,POSITIVE,Advanced-node CMP step intensity and wafer starts drive diamond-disk consumption while fab utilization drives test and reclaim wafer demand,CMP diamond-disk node mix / wafer-start utilization / reclaim-wafer capacity and shipments,RESEARCH_VALIDATED,SOURCED_2026_09,2027-03-31,1
ADVANCED_PACKAGING_TEST_CAPEX,Advanced packaging / test capex,Semiconductor_Equipment,1560,中砂,advanced_packaging_grinding_consumables,STRONG,0.72,POSITIVE,Advanced packaging adds grinding and CMP-related consumable demand,advanced-packaging grinding-wheel and CMP sales / customer qualification,RESEARCH_VALIDATED,SOURCED_2026_09,2027-03-31,1
ADVANCED_PACKAGING_TEST_CAPEX,Advanced packaging / test capex,Semiconductor_Equipment,3264,欣銓,ai_asic_and_silicon_photonics_test,DIRECT,0.90,POSITIVE,AI ASIC production test and silicon-photonics PIC/EIC test demand raise advanced test utilization,AI ASIC production volume / PIC EIC project count / test utilization and pricing,RESEARCH_VALIDATED,SOURCED_2026_09,2027-03-31,1
ADVANCED_PACKAGING_TEST_CAPEX,Advanced packaging / test capex,Semiconductor_Equipment,6257,矽格,advanced_ai_asic_siphotonics_test,DIRECT,0.88,POSITIVE,AI ASIC connectivity and silicon-photonics chips require higher-frequency higher-power advanced test,AI ASIC and SiPh test revenue / advanced tester utilization / burn-in demand,RESEARCH_VALIDATED,SOURCED_2026_09,2027-03-31,1
LEO_SATCOM_DEPLOYMENT,LEO satellite / ground-infrastructure deployment,Satcom,3491,昇達科,leo_microwave_rf_components,DIRECT,0.97,POSITIVE,LEO constellation deployment directly drives microwave and high-frequency component shipments,LEO product revenue growth / named-customer capacity demand / shipment backlog,RESEARCH_VALIDATED,SOURCED_2026_09,2027-03-31,1
SILICON_WAFER_DEMAND_PRICING,Silicon-wafer demand / pricing cycle,Silicon_Wafer,3532,台勝科,silicon_wafer_supplier,DIRECT,0.98,POSITIVE,Memory AI and mature-node wafer starts drive 300mm and 200mm silicon-wafer shipments utilization and pricing,200mm 300mm shipments / utilization / spot and contract pricing / customer inventory,RESEARCH_VALIDATED,SOURCED_2026_09,2027-03-31,1
OPTICAL_COMPONENT_DEMAND,Optical-component / photonics demand,Photonics,2455,全新,inp_epiwafer_optical,DIRECT,0.94,POSITIVE,AI data-center optical transceivers increase InP epi demand for CW laser and EML components,InP MOCVD capacity / optical revenue mix / AI datacenter customer shipments,RESEARCH_VALIDATED,SOURCED_2026_09,2027-03-31,1
MOBILE_RF_FRONTEND_DEMAND,Mobile RF front-end demand,RF_Semiconductor,3105,穩懋,gaas_rf_foundry,DIRECT,0.82,POSITIVE,Handset RF content and GaAs PA demand transmit through foundry utilization,cellular PA revenue / GaAs utilization / handset RF orders,RESEARCH_VALIDATED,SOURCED_2026_09,2027-03-31,1
OPTICAL_COMPONENT_DEMAND,Optical-component / photonics demand,Photonics,3105,穩懋,inp_photodetector_foundry,STRONG,0.82,POSITIVE,1.6T optical receiver deployment increases InP photodetector and related foundry demand,1.6T PD shipments / optical revenue mix / customer qualification,RESEARCH_VALIDATED,SOURCED_2026_09,2027-03-31,1
AI_SERVER_SHIPMENTS,AI server shipment / ODM cycle,AI_Server,7711,永擎,ai_server_systems,DIRECT,0.92,POSITIVE,B300 GB300 and ASIC server shipments directly drive system revenue,AI server shipment mix / platform orders / backlog,RESEARCH_VALIDATED,SOURCED_2026_09,2027-03-31,1
AI_SERVER_SHIPMENTS,AI server shipment / ODM cycle,AI_Server,6933,AMAX-KY,ai_hpc_server_and_rack,DIRECT,0.90,POSITIVE,AI HPC server and liquid-cooled rack deployments directly drive system shipments,AI HPC server and rack orders / liquid cooling system revenue,RESEARCH_VALIDATED,SOURCED_2026_09,2027-03-31,1
AI_SERVER_THERMAL_DENSITY,AI server thermal density / liquid cooling,AI_Server,6805,富世達,liquid_cooling_quick_disconnect,DIRECT,0.94,POSITIVE,Higher AI rack thermal density increases UQD quick-disconnect cold-plate and liquid-cooling module content,server revenue mix / UQD and cold-plate shipments / GPU ASIC platform qualification,RESEARCH_VALIDATED,SOURCED_2026_09,2027-03-31,1
DATACENTER_COOLING_INFRA,Data-center cooling infrastructure capex,AI_Infrastructure,6805,富世達,liquid_cooling_module,DIRECT,0.92,POSITIVE,Data-center liquid-cooling adoption increases quick-disconnect and cold-plate module demand,liquid-cooling orders / server mix / rack platform shipments,RESEARCH_VALIDATED,SOURCED_2026_09,2027-03-31,1
AI_SERVER_THERMAL_DENSITY,AI server thermal density / liquid cooling,AI_Server,2421,建準,server_fan_and_liquid_cooling,DIRECT,0.88,POSITIVE,Higher server power density increases fan count and liquid-cooling content per rack,AI server fan orders / cold-plate shipments / ASIC HGX platform mix,RESEARCH_VALIDATED,SOURCED_2026_09,2027-03-31,1
AI_SERVER_RACK_BUILD,AI rack / server system buildout,AI_Server,8021,尖點,high_layer_pcb_drill_consumables,STRONG,0.86,POSITIVE,Higher-layer thicker AI server PCBs increase drill count aspect ratio and coated drill-bit consumption,HLC revenue mix / coated drill-bit sales / AI motherboard and ABF demand,RESEARCH_VALIDATED,SOURCED_2026_09,2027-03-31,1
AI_SERVER_RACK_BUILD,AI rack / server system buildout,AI_Server,8358,金居,high_speed_copper_foil,STRONG,0.88,POSITIVE,AI server and PCIe high-speed boards increase HVLP copper-foil demand and thermal-performance requirements,HVLP3 HVLP4 shipment volume / AI platform qualification / high-speed board demand,RESEARCH_VALIDATED,SOURCED_2026_09,2027-03-31,1
AI_SERVER_RACK_BUILD,AI rack / server system buildout,AI_Server,1815,富喬,low_dk_glass_fabric,STRONG,0.88,POSITIVE,AI server and high-speed networking PCBs require low-Dk low-CTE glass fabric,Low-Dk Low-CTE product mix / server and networking customer demand / pricing,RESEARCH_VALIDATED,SOURCED_2026_09,2027-03-31,1
WAFER_FAB_EQUIPMENT_CAPEX,Wafer-fab equipment capex,Semiconductor_Equipment,6830,汎銓,advanced_node_material_analysis,STRONG,0.82,POSITIVE,Advanced-node AI chip development increases materials analysis and failure-analysis demand,AI chip analysis projects / advanced-node analysis utilization / customer capex,RESEARCH_VALIDATED,SOURCED_2026_09,2027-03-31,1
OPTICAL_COMPONENT_DEMAND,Optical-component / photonics demand,Photonics,6830,汎銓,silicon_photonics_failure_analysis,STRONG,0.84,POSITIVE,Silicon-photonics and CPO development increases optical-loss localization and failure-analysis demand,SiPh CPO project count / optical analysis revenue / equipment utilization,RESEARCH_VALIDATED,SOURCED_2026_09,2027-03-31,1
AI_SERVER_RACK_BUILD,AI rack / server system buildout,AI_Server,3044,健鼎,server_pcb,STRONG,0.76,POSITIVE,Server shipment growth raises multilayer PCB demand; current transmission is stronger in general servers than direct GPU ASIC boards,server PCB revenue / order visibility / product mix,RESEARCH_VALIDATED,SOURCED_2026_09,2027-03-31,1
FINANCIALS_RATE_CREDIT_CYCLE,Financials rate / credit / margin cycle,Financials,2890,永豐金,financials,DIRECT,0.78,POSITIVE,Rates credit quality loan growth and capital-market activity transmit into bank and holding-company earnings,NIM / loan growth / credit cost / fee and investment income,RESEARCH_VALIDATED,SOURCED_2026_09,2027-03-31,1
FINANCIALS_RATE_CREDIT_CYCLE,Financials rate / credit / margin cycle,Financials,2887,台新新光金,financials,DIRECT,0.76,POSITIVE,Rates credit insurance investment income and capital-market conditions transmit into holding-company earnings,NIM / loan growth / credit cost / insurance and investment income,RESEARCH_VALIDATED,SOURCED_2026_09,2027-03-31,1
FINANCIALS_RATE_CREDIT_CYCLE,Financials rate / credit / margin cycle,Financials,2880,華南金,financials,DIRECT,0.78,POSITIVE,Rates credit quality and loan growth transmit into bank earnings,NIM / loan growth / credit cost / fee income,RESEARCH_VALIDATED,SOURCED_2026_09,2027-03-31,1
FINANCIALS_RATE_CREDIT_CYCLE,Financials rate / credit / margin cycle,Financials,2883,凱基金,financials,DIRECT,0.74,POSITIVE,Rates credit insurance and capital-market activity transmit into diversified financial earnings,NIM / credit / insurance / brokerage and investment income,RESEARCH_VALIDATED,SOURCED_2026_09,2027-03-31,1
FINANCIALS_RATE_CREDIT_CYCLE,Financials rate / credit / margin cycle,Financials,2801,彰銀,bank,DIRECT,0.78,POSITIVE,Rates credit quality and loan growth transmit into bank earnings,NIM / loan growth / credit cost / fee income,RESEARCH_VALIDATED,SOURCED_2026_09,2027-03-31,1
FINANCIALS_RATE_CREDIT_CYCLE,Financials rate / credit / margin cycle,Financials,5880,合庫金,financials,DIRECT,0.78,POSITIVE,Rates credit quality and loan growth transmit into bank-led holding-company earnings,NIM / loan growth / credit cost / fee income,RESEARCH_VALIDATED,SOURCED_2026_09,2027-03-31,1
FINANCIALS_RATE_CREDIT_CYCLE,Financials rate / credit / margin cycle,Financials,2892,第一金,financials,DIRECT,0.78,POSITIVE,Rates credit quality and loan growth transmit into bank-led holding-company earnings,NIM / loan growth / credit cost / fee income,RESEARCH_VALIDATED,SOURCED_2026_09,2027-03-31,1
FINANCIALS_RATE_CREDIT_CYCLE,Financials rate / credit / margin cycle,Financials,2885,元大金,financials,DIRECT,0.74,POSITIVE,Rates and capital-market turnover transmit into securities and bank earnings,brokerage turnover / NIM / investment income / credit cost,RESEARCH_VALIDATED,SOURCED_2026_09,2027-03-31,1
FINANCIALS_RATE_CREDIT_CYCLE,Financials rate / credit / margin cycle,Financials,2884,玉山金,financials,DIRECT,0.80,POSITIVE,Rates credit quality loan growth and fee activity transmit into bank-led holding-company earnings,NIM / loan growth / credit cost / fee income,RESEARCH_VALIDATED,SOURCED_2026_09,2027-03-31,1
FINANCIALS_RATE_CREDIT_CYCLE,Financials rate / credit / margin cycle,Financials,2889,國票金,financials,DIRECT,0.70,POSITIVE,Rates bond-market conditions and capital-market activity transmit into bills and securities earnings,bond carry / funding spread / brokerage and investment income,RESEARCH_VALIDATED,SOURCED_2026_09,2027-03-31,1
FINANCIALS_RATE_CREDIT_CYCLE,Financials rate / credit / margin cycle,Financials,2834,臺企銀,bank,DIRECT,0.78,POSITIVE,Rates credit quality and SME loan growth transmit into bank earnings,NIM / SME loan growth / credit cost / fee income,RESEARCH_VALIDATED,SOURCED_2026_09,2027-03-31,1
FINANCIALS_RATE_CREDIT_CYCLE,Financials rate / credit / margin cycle,Financials,2812,台中銀,bank,DIRECT,0.76,POSITIVE,Rates credit quality and loan growth transmit into bank earnings,NIM / loan growth / credit cost / fee income,RESEARCH_VALIDATED,SOURCED_2026_09,2027-03-31,1
FINANCIALS_RATE_CREDIT_CYCLE,Financials rate / credit / margin cycle,Financials,5876,上海商銀,bank,DIRECT,0.76,POSITIVE,Rates credit quality and loan growth transmit into bank earnings,NIM / loan growth / credit cost / fee income,RESEARCH_VALIDATED,SOURCED_2026_09,2027-03-31,1
LEADING_EDGE_FOUNDRY_AI_DEMAND,Leading-edge foundry AI/HPC node demand,Foundry,3443,創意,ai_asic_design_turnkey,DIRECT,0.94,POSITIVE,CSP AI ASIC programs drive advanced-node NRE turnkey wafer and packaging demand,CSP ASIC production revenue / 3nm 2nm project tape-outs / cloud revenue mix,RESEARCH_VALIDATED,SOURCED_2026_09,2027-03-31,1
AI_NETWORKING_UPGRADE,800G/1.6T AI networking upgrade,AI_Networking,5269,祥碩,pcie_switch_high_speed_io,STRONG,0.86,POSITIVE,Rack-scale AI servers increase PCIe switch lane count and high-speed interconnect demand,PCIe switch shipments / high-lane-count product mix / server storage customer adoption,RESEARCH_VALIDATED,SOURCED_2026_09,2027-03-31,1
AI_SERVER_SHIPMENTS,AI server shipment / ODM cycle,AI_Server,5274,信驊,server_bmc,DIRECT,0.94,POSITIVE,AI and CPU server shipments directly increase BMC unit demand,BMC unit shipments / AST2700 mix / book-to-bill / server customer orders,RESEARCH_VALIDATED,SOURCED_2026_09,2027-03-31,1
AI_NETWORKING_UPGRADE,800G/1.6T AI networking upgrade,AI_Networking,6526,達發,oob_ethernet_phy_and_pon,STRONG,0.88,POSITIVE,AI server out-of-band management and data-center management networks increase Ethernet PHY and PON demand,CSP OOB design wins / Ethernet PHY shipments / PON deployment,RESEARCH_VALIDATED,SOURCED_2026_09,2027-03-31,1
LEADING_EDGE_FOUNDRY_AI_DEMAND,Leading-edge foundry AI/HPC node demand,Foundry,2454,聯發科,datacenter_ai_asic,DIRECT,0.94,POSITIVE,North American CSP AI accelerator ASIC production drives leading-edge wafer and advanced packaging demand,datacenter ASIC revenue / production ramp / CSP program milestones,RESEARCH_VALIDATED,SOURCED_2026_09,2027-03-31,1
OPTICAL_COMPONENT_DEMAND,Optical-component / photonics demand,Photonics,4908,前鼎,optical_transceiver_components,STRONG,0.86,POSITIVE,800G and 1.6T optical module deployment increases laser and optical component demand,800G 1.6T shipments / CW laser CoC capacity / CPO ELSFP qualification,RESEARCH_VALIDATED,SOURCED_2026_09,2027-03-31,1
OPTICAL_COMPONENT_DEMAND,Optical-component / photonics demand,Photonics,6588,東典光電,optical_thin_film_filters,STRONG,0.72,POSITIVE,AI data-center optical transmission increases demand for high-end thin-film optical filters,AI datacenter filter revenue / customer qualification / optical filter shipments,RESEARCH_VALIDATED,SOURCED_2026_09,2027-03-31,1
OPTICAL_COMPONENT_DEMAND,Optical-component / photonics demand,Photonics,6147,頎邦,silicon_photonics_bumping_test,STRONG,0.90,POSITIVE,Silicon-photonics transceiver scaling increases gold-bump and test demand for high-frequency optical devices,SiPh customer count / qualified products / gold-bump and test revenue / 200G-per-lane ramp,RESEARCH_VALIDATED,SOURCED_2026_09,2027-03-31,1
SEMICONDUCTOR_FAB_UTILIZATION_CONSUMABLES,Semiconductor fab-utilization / consumables demand,Semiconductor_Consumables,3016,嘉晶,silicon_epi_wafer,DIRECT,0.90,POSITIVE,AI-related power and analog demand raises 8-inch silicon epi utilization and capacity requirements,8-inch epi orders / utilization / capacity additions / customer visibility,RESEARCH_VALIDATED,SOURCED_2026_09,2027-03-31,1
OPTICAL_COMPONENT_DEMAND,Optical-component / photonics demand,Photonics,3016,嘉晶,ge_si_photodiode_epi,DIRECT,0.94,POSITIVE,AI high-speed optical links increase Ge Si photodiode epi demand,Ge Si PD qualification / optical customer volume / capacity expansion,RESEARCH_VALIDATED,SOURCED_2026_09,2027-03-31,1
ADVANCED_PACKAGING_TEST_CAPEX,Advanced packaging / test capex,Semiconductor_Equipment,3374,精材,wafer_test_and_wlcsp,STRONG,0.82,POSITIVE,12-inch wafer test and advanced logic test demand increase wafer-level test utilization,wafer-test revenue mix / 12-inch capacity / AI HPC logic test orders,RESEARCH_VALIDATED,SOURCED_2026_09,2027-03-31,1
OPTICAL_COMPONENT_DEMAND,Optical-component / photonics demand,Photonics,6271,同欣電,800g_optical_module,DIRECT,0.95,POSITIVE,North American CSP 800G optical deployments directly drive optical-module production,800G module shipments / CSP demand / automated alignment utilization / 1.6T qualification,RESEARCH_VALIDATED,SOURCED_2026_09,2027-03-31,1
POWER_ELECTRONICS_CAPEX,Power equipment / electronics capex,Power,6271,同欣電,gan_sic_power_module_packaging,STRONG,0.78,POSITIVE,AI server power conversion raises demand for GaN and SiC high-power module and power-chip packaging,GaN SiC power-module qualification / server power shipments / production ramp,RESEARCH_VALIDATED,SOURCED_2026_09,2027-03-31,1
OPTICAL_COMPONENT_DEMAND,Optical-component / photonics demand,Photonics,3714,富采,vcsel_cw_dfb_microled_optical,STRONG,0.86,POSITIVE,AI data-center interconnect scaling increases VCSEL CW-DFB and emerging CPO light-source demand,800G light-source qualification / VCSEL CW-DFB shipments / CPO project conversion,RESEARCH_VALIDATED,SOURCED_2026_09,2027-03-31,1
LEADING_EDGE_FOUNDRY_AI_DEMAND,Leading-edge foundry AI/HPC node demand,Foundry,3529,力旺,advanced_node_security_ip,STRONG,0.88,POSITIVE,3nm to 7nm AI accelerator CPU CXL and BMC designs increase embedded security-IP licensing and wafer royalties,3nm 7nm project count / AI datacenter design wins / royalty-bearing wafer shipments,RESEARCH_VALIDATED,SOURCED_2026_09,2027-03-31,1
ADVANCED_PACKAGING_TEST_CAPEX,Advanced packaging / test capex,Semiconductor_Equipment,3035,智原,advanced_packaging_asic_turnkey,STRONG,0.82,POSITIVE,ASIC design wins moving into advanced packaging production create NRE and turnkey production revenue,advanced-packaging design wins / NRE / mass-production revenue / customer wafer schedule,RESEARCH_VALIDATED,SOURCED_2026_09,2027-03-31,1
AI_NETWORKING_UPGRADE,800G/1.6T AI networking upgrade,AI_Networking,2379,瑞昱,server_ethernet_optical_phy,STRONG,0.80,POSITIVE,AI server and high-speed networking upgrades increase Ethernet PHY switch and optical PHY content,10G server Ethernet / 100G optical PHY qualification / AI platform design-ins,RESEARCH_VALIDATED,SOURCED_2026_09,2027-03-31,1
DATACENTER_POWER_INFRA,Data-center power infrastructure capex,AI_Infrastructure,7788,松川精密,hvdc_ai_power_relays,DIRECT,0.95,POSITIVE,AI data-center PSU PDU and 400V 800V HVDC architectures increase high-voltage relay and contactor value per rack,AI power revenue / 8kW 12kW PSU relay shipments / HVDC qualification and mass production,RESEARCH_VALIDATED,SOURCED_2026_09,2027-03-31,1
MLCC_DEMAND_PRICING,MLCC demand / pricing cycle,MLCC,6173,信昌電,ai_server_high_voltage_mlcc,DIRECT,0.92,POSITIVE,AI server PSUs increase high-voltage NP0 and Mega Cap MLCC demand,AI revenue mix / NP0 utilization and shortages / Mega Cap shipment ramp,RESEARCH_VALIDATED,SOURCED_2026_09,2027-03-31,1
